timestamp,heart_rate,heart_rmssd
1579762744000,0,0
1579763044000,0,0
1579763344000,0,0
1579763644000,0,0
1579763944000,0,0
1579764244000,0,0
1579764544000,0,0
1579764844000,0,0
1579765144000,0,0
1579765444000,0,0
1579765744000,0,0
1579766044000,0,0
1579766344000,0,0
1579766644000,0,0
1579766944000,0,0
1579767244000,0,0
1579767544000,0,0
1579767844000,0,0
1579768144000,0,0
1579768444000,0,0
1579768744000,0,0
1579769044000,0,0
1579769344000,0,0
1579769644000,0,0
1579769944000,0,0
1579770244000,0,0
1579770544000,0,0
1579770844000,0,0
1579771144000,0,0
1579771444000,0,0
1579771744000,0,0
1579772044000,0,0
1579772344000,0,0
1579772644000,61,53
1579772944000,54,56
1579773244000,57,39
1579773544000,64,26
1579773844000,64,24
1579774144000,65,45
1579774444000,0,0
1579774744000,0,0
1579775044000,61,45
1579775344000,0,0
1579775644000,0,0
1579775944000,0,0
1579776244000,0,0
1579776544000,0,0
1579776844000,51,127
1579777144000,54,52
1579777444000,0,0
1579777744000,51,60
1579778044000,50,62
1579778344000,50,64
1579778644000,51,58
1579778944000,51,56
1579779244000,52,57
1579779544000,51,53
1579779844000,51,52
1579780144000,54,60
1579780444000,55,56
1579780744000,55,51
1579781044000,61,44
1579781344000,54,51
1579781644000,51,54
1579781944000,48,57
1579782244000,0,0
1579782544000,0,0
1579782844000,46,53
1579783144000,46,63
1579783444000,46,53
1579783744000,47,52
1579784044000,47,61
1579784344000,54,61
1579784644000,49,64
1579784944000,51,58
1579785244000,49,67
1579785544000,51,67
1579785844000,50,55
1579786144000,52,53
1579786444000,54,48
1579786744000,57,42
1579787044000,55,43
1579787344000,56,34
1579787644000,54,48
1579787944000,65,15
1579788244000,0,0
1579788544000,0,0
1579788844000,0,0
1579789144000,55,50
1579789444000,53,61
1579789744000,0,0
1579790044000,52,59
1579790344000,0,0
1579790644000,53,61
1579790944000,53,58
1579791244000,0,0
1579791544000,46,71
1579791844000,47,67
1579792144000,0,0
1579792444000,0,0
1579792744000,0,0
1579793044000,0,0
1579793344000,52,55
1579793644000,51,52
1579793944000,50,51
1579794244000,53,51
1579794544000,53,63
1579794844000,52,58
1579795144000,54,59
1579795444000,55,51
1579795744000,55,42
1579796044000,53,38
1579796344000,51,48
1579796644000,51,41
1579796944000,51,44
1579797244000,52,41
1579797544000,52,37
1579797844000,52,37
1579798144000,52,36
1579798444000,53,39
1579798744000,54,54
1579799044000,53,53
1579799344000,56,40
1579799644000,58,49
1579799944000,56,54
1579800244000,62,40
1579800544000,0,0
1579800844000,62,32
1579801144000,60,34
1579801444000,63,26
1579942708000,0,0
1579943008000,0,0
1579943308000,43,66
1579943608000,44,65
1579943908000,44,65
1579944208000,44,65
1579944508000,44,61
1579944808000,0,0
1579945108000,0,0
1579945408000,0,0
1579945708000,0,0
1579946008000,0,0
1579946308000,0,0
1579946608000,0,0
1579946908000,53,40
1579947208000,54,28
1579947508000,54,46
1579947808000,0,0
1579948108000,49,100
1579948408000,47,56
1579948708000,47,60
1579949008000,47,54
1579949308000,47,52
1579949608000,48,53
1579949908000,48,48
1579950208000,48,51
1579950508000,49,51
1579950808000,49,52
1579951108000,49,49
1579951408000,53,56
1579951708000,52,56
1579952008000,53,53
1579952308000,50,54
1579952608000,52,50
1579952908000,51,80
1579953208000,55,50
1579953508000,54,42
1579953808000,62,25
1579954108000,62,27
1579954408000,60,34
1579954708000,60,41
1579955008000,58,47
1579955308000,58,42
1579955608000,53,42
1579955908000,51,48
1579956208000,50,53
1579956508000,50,45
1579956808000,50,48
1579957108000,50,48
1579957408000,50,45
1579957708000,50,42
1579958008000,53,45
1579958308000,0,0
1579958608000,0,0
1579958908000,0,0
1579959208000,0,0
1579959508000,0,0
1579959808000,0,0
1579960108000,54,35
1579960408000,54,39
1579960708000,55,36
1579961008000,57,42
1579961308000,58,39
1579961608000,59,28
1579961908000,61,24
1579962208000,61,29
1579962508000,64,36
1579962808000,0,0
1579963108000,0,0
1579963408000,58,39
1579963708000,56,54
1579964008000,0,0
1579964308000,0,0
1579964608000,0,0
1579964908000,0,0
1579965208000,0,0
1579965508000,47,60
1579965808000,0,0
1579966108000,0,0
1579966408000,0,0
1579966708000,53,44
1579967008000,56,48
1579967308000,55,43
1579967608000,55,36
1579967908000,56,44
1579968208000,57,41
1579968508000,53,47
1579968808000,52,46
1579969108000,0,0
1579969408000,55,46
1579969708000,0,0
1579970008000,0,0
1579970308000,0,0
1579970608000,51,54
1579970908000,51,54
1579971208000,0,0
1579971508000,53,58
1579971808000,52,58
1579972108000,53,53
1579972408000,55,46
1579972708000,67,50
1579973008000,66,45
1579973308000,63,42
1579973608000,59,42
1579973908000,0,0
1579974208000,61,45
1579974508000,60,48
1579974808000,0,0
1580031901000,0,0
1580032201000,0,0
1580032501000,0,0
1580032801000,0,0
1580033101000,0,0
1580033401000,0,0
1580033701000,0,0
1580034001000,0,0
1580034301000,0,0
1580034601000,0,0
1580034901000,0,0
1580035201000,0,0
1580035501000,0,0
1580035801000,0,0
1580036101000,0,0
1580036401000,0,0
1580036701000,0,0
1580037001000,0,0
1580037301000,0,0
1580037601000,0,0
1580037901000,0,0
1580038201000,0,0
1580038501000,0,0
1580038801000,0,0
1580039101000,0,0
1580039401000,0,0
1580039701000,0,0
1580040001000,0,0
1580040301000,0,0
1580040601000,0,0
1580040901000,0,0
1580041201000,0,0
1580041501000,0,0
1580041801000,0,0
1580042101000,0,0
1580042401000,0,0
1580042701000,0,0
1580043001000,53,91
1580043301000,59,53
1580043601000,58,20
1580043901000,58,32
1580044201000,58,59
1580044501000,0,0
1580044801000,0,0
1580045101000,0,0
1580045401000,0,0
1580045701000,0,0
1580046001000,0,0
1580046301000,54,90
1580046601000,0,0
1580046901000,0,0
1580047201000,0,0
1580047501000,0,0
1580047801000,0,0
1580048101000,0,0
1580048401000,48,71
1580048701000,49,55
1580049001000,49,55
1580049301000,50,54
1580049601000,51,60
1580049901000,51,59
1580050201000,53,58
1580050501000,0,0
1580050801000,0,0
1580051101000,0,0
1580051401000,0,0
1580051701000,0,0
1580052001000,0,0
1580052301000,0,0
1580052601000,0,0
1580052901000,0,0
1580053201000,0,0
1580053501000,0,0
1580053801000,0,0
1580054101000,0,0
1580054401000,0,0
1580054701000,0,0
1580055001000,51,51
1580055301000,58,44
1580055601000,60,37
1580055901000,62,27
1580056201000,62,32
1580056501000,61,40
1580056801000,0,0
1580057101000,0,0
1580057401000,0,0
1580057701000,0,0
1580058001000,0,0
1580058301000,0,0
1580058601000,0,0
1580058901000,0,0
1580059201000,0,0
1580059501000,0,0
1580059801000,0,0
1580060101000,0,0
1580060401000,0,0
1580060701000,0,0
1580061001000,0,0
1580061301000,0,0
1580061601000,0,0
1580061901000,0,0
1580062201000,0,0
1580062501000,0,0
1580062801000,0,0
1580063101000,0,0
1580063401000,57,47
1580063701000,0,0
1580064001000,0,0
1580114279000,0,0
1580114579000,0,0
1580114879000,0,0
1580115179000,0,0
1580115479000,0,0
1580115779000,0,0
1580116079000,0,0
1580116379000,0,0
1580116679000,0,0
1580116979000,0,0
1580117279000,0,0
1580117579000,0,0
1580117879000,0,0
1580118179000,0,0
1580118479000,0,0
1580118779000,0,0
1580119079000,0,0
1580119379000,0,0
1580119679000,50,233
1580119979000,0,0
1580120279000,50,209
1580120579000,0,0
1580120879000,0,0
1580121179000,0,0
1580121479000,0,0
1580121779000,0,0
1580122079000,0,0
1580122379000,0,0
1580122679000,0,0
1580122979000,0,0
1580123279000,0,0
1580123579000,53,112
1580123879000,50,71
1580124179000,49,54
1580124479000,48,49
1580124779000,49,62
1580125079000,0,0
1580125379000,0,0
1580125679000,0,0
1580125979000,0,0
1580126279000,0,0
1580126579000,0,0
1580126879000,0,0
1580127179000,0,0
1580127479000,0,0
1580127779000,0,0
1580128079000,0,0
1580128379000,48,60
1580128679000,48,57
1580128979000,48,58
1580129279000,0,0
1580129579000,0,0
1580129879000,0,0
1580130179000,52,56
1580130479000,57,50
1580130779000,59,39
1580131079000,56,30
1580131379000,58,27
1580131679000,60,53
1580131979000,58,38
1580132279000,53,44
1580132579000,52,46
1580132879000,50,51
1580133179000,49,46
1580133479000,49,47
1580133779000,49,50
1580134079000,49,48
1580134379000,49,48
1580134679000,49,49
1580134979000,50,50
1580135279000,52,56
1580135579000,0,0
1580135879000,0,0
1580136179000,0,0
1580136479000,0,0
1580136779000,0,0
1580137079000,57,98
1580137379000,0,0
1580137679000,0,0
1580137979000,0,0
1580138279000,54,58
1580138579000,0,0
1580138879000,53,70
1580139179000,53,65
1580139479000,55,41
1580139779000,53,46
1580140079000,53,69
1580140379000,51,55
1580140679000,0,0
1580140979000,0,0
1580141279000,57,76
1580141579000,51,60
1580141879000,50,61
1580142179000,52,62
1580142479000,50,56
1580142779000,51,54
1580143079000,51,55
1580143379000,50,55
1580143679000,53,55
1580143979000,51,54
1580144279000,54,55
1580144579000,57,61
1580144879000,57,57
1580145179000,59,65
1580145479000,61,48
1580145779000,0,0
1580146079000,0,0
1580146379000,0,0
1580146679000,0,0
1580205958000,0,0
1580206258000,0,0
1580206558000,0,0
1580206858000,0,0
1580207158000,57,42
1580207458000,57,21
1580207758000,58,18
1580208058000,58,17
1580208358000,58,16
1580208658000,58,15
1580208958000,58,25
1580209258000,59,15
1580209558000,59,26
1580209858000,60,14
1580210158000,0,0
1580210458000,57,21
1580210758000,56,25
1580211058000,56,22
1580211358000,59,36
1580211658000,59,23
1580211958000,63,44
1580212258000,62,35
1580212558000,57,36
1580212858000,56,43
1580213158000,0,0
1580213458000,0,0
1580213758000,0,0
1580214058000,0,0
1580214358000,51,46
1580214658000,51,52
1580214958000,52,47
1580215258000,0,0
1580215558000,0,0
1580215858000,0,0
1580216158000,0,0
1580216458000,57,61
1580216758000,0,0
1580217058000,54,51
1580217358000,57,37
1580217658000,64,35
1580217958000,62,28
1580218258000,59,27
1580218558000,57,35
1580218858000,53,49
1580219158000,52,52
1580219458000,51,50
1580219758000,51,56
1580220058000,51,54
1580220358000,51,50
1580220658000,52,55
1580220958000,55,58
1580221258000,52,54
1580221558000,50,51
1580221858000,55,61
1580222158000,49,59
1580222458000,47,48
1580222758000,53,45
1580223058000,60,39
1580223358000,61,28
1580223658000,60,41
1580223958000,63,38
1580224258000,60,37
1580224558000,55,33
1580224858000,52,48
1580225158000,51,41
1580225458000,54,40
1580225758000,63,41
1580226058000,50,46
1580226358000,50,44
1580226658000,50,45
1580226958000,52,49
1580227258000,49,55
1580227558000,50,48
1580227858000,51,49
1580228158000,50,52
1580228458000,51,42
1580228758000,55,53
1580229058000,52,46
1580229358000,53,50
1580229658000,52,48
1580229958000,49,48
1580230258000,51,47
1580230558000,51,54
1580230858000,0,0
1580231158000,49,47
1580231458000,49,42
1580231758000,50,45
1580232058000,50,42
1580232358000,52,40
1580232658000,62,46
1580232958000,51,44
1580233258000,56,38
1580233558000,56,47
1580233858000,58,33
1580234158000,62,29
1580234458000,63,33
1580900311000,0,0
1580900611000,0,0
1580900911000,0,0
1580901211000,0,0
1580901511000,0,0
1580901811000,0,0
1580902111000,0,0
1580902411000,0,0
1580902711000,0,0
1580903011000,0,0
1580903311000,52,198
1580903611000,0,0
1580903911000,0,0
1580904211000,0,0
1580904511000,0,0
1580904811000,0,0
1580905111000,0,0
1580905411000,0,0
1580905711000,0,0
1580906011000,0,0
1580906311000,0,0
1580906611000,52,60
1580906911000,52,62
1580907211000,0,0
1580907511000,0,0
1580907811000,0,0
1580908111000,0,0
1580908411000,0,0
1580908711000,0,0
1580909011000,0,0
1580909311000,0,0
1580909611000,0,0
1580909911000,55,49
1580910211000,0,0
1580910511000,57,40
1580910811000,0,0
1580911111000,60,96
1580911411000,65,19
1580911711000,72,21
1580912011000,0,0
1580912311000,0,0
1580912611000,61,28
1580912911000,62,31
1580913211000,0,0
1580913511000,0,0
1580913811000,57,40
1580914111000,0,0
1580914411000,0,0
1580914711000,55,52
1580915011000,54,42
1580915311000,54,42
1580915611000,54,42
1580915911000,53,38
1580916211000,53,39
1580916511000,53,41
1580916811000,57,59
1580917111000,0,0
1580917411000,55,47
1580917711000,0,0
1580918011000,0,0
1580918311000,0,0
1580918611000,0,0
1580918911000,0,0
1580919211000,0,0
1580919511000,0,0
1580919811000,0,0
1580920111000,0,0
1580920411000,59,48
1580920711000,59,46
1580921011000,56,36
1580921311000,59,30
1580921611000,71,18
1580921911000,0,0
1580922211000,0,0
1580922511000,0,0
1580922811000,0,0
1580923111000,0,0
1580923411000,0,0
1580923711000,0,0
1580924011000,0,0
1581065611000,0,0
1581065911000,0,0
1581066211000,0,0
1581066511000,0,0
1581066811000,54,104
1581067111000,0,0
1581067411000,0,0
1581067711000,0,0
1581068011000,0,0
1581068311000,52,206
1581068611000,0,0
1581068911000,0,0
1581069211000,0,0
1581069511000,0,0
1581069811000,52,222
1581070111000,51,194
1581070411000,51,226
1581070711000,51,224
1581071011000,51,198
1581071311000,0,0
1581071611000,0,0
1581071911000,0,0
1581072211000,0,0
1581072511000,0,0
1581072811000,0,0
1581073111000,0,0
1581073411000,0,0
1581073711000,0,0
1581074011000,0,0
1581074311000,0,0
1581074611000,0,0
1581074911000,0,0
1581075211000,0,0
1581075511000,0,0
1581075811000,0,0
1581076111000,0,0
1581076411000,0,0
1581076711000,0,0
1581077011000,50,88
1581077311000,0,0
1581077611000,0,0
1581077911000,0,0
1581078211000,0,0
1581078511000,0,0
1581078811000,0,0
1581079111000,0,0
1581079411000,0,0
1581079711000,0,0
1581080011000,0,0
1581080311000,0,0
1581080611000,0,0
1581080911000,0,0
1581081211000,0,0
1581081511000,0,0
1581081811000,0,0
1581082111000,0,0
1581082411000,0,0
1581082711000,0,0
1581083011000,0,0
1581083311000,0,0
1581083611000,0,0
1581083911000,0,0
1581084211000,0,0
1581084511000,0,0
1581084811000,61,65
1581085111000,0,0
1581085411000,0,0
1581148248000,0,0
1581148548000,0,0
1581148848000,51,39
1581149148000,0,0
1581149448000,0,0
1581149748000,0,0
1581150048000,0,0
1581150348000,0,0
1581150648000,0,0
1581150948000,0,0
1581151248000,0,0
1581151548000,0,0
1581151848000,0,0
1581152148000,0,0
1581152448000,0,0
1581152748000,0,0
1581153048000,48,49
1581153348000,50,50
1581153648000,0,0
1581153948000,0,0
1581154248000,0,0
1581154548000,0,0
1581154848000,0,0
1581155148000,0,0
1581155448000,49,52
1581155748000,0,0
1581156048000,0,0
1581156348000,0,0
1581156648000,0,0
1581156948000,44,63
1581157248000,0,0
1581157548000,0,0
1581157848000,45,65
1581158148000,0,0
1581158448000,45,56
1581158748000,0,0
1581159048000,0,0
1581159348000,0,0
1581159648000,0,0
1581159948000,0,0
1581160248000,0,0
1581160548000,0,0
1581160848000,0,0
1581161148000,47,57
1581161448000,49,54
1581161748000,54,42
1581162048000,53,45
1581162348000,57,46
1581162648000,0,0
1581162948000,0,0
1581163248000,0,0
1581163548000,0,0
1581163848000,0,0
1581164148000,0,0
1581164448000,0,0
1581164748000,0,0
1581165048000,0,0
1581165348000,0,0
1581165648000,0,0
1581165948000,0,0
1581166248000,0,0
1581166548000,0,0
1581166848000,0,0
1581167148000,0,0
1581167448000,0,0
1581167748000,57,30
1581168048000,63,34
1581168348000,0,0
1581168648000,0,0
1581168948000,0,0
1581169248000,0,0
1581169548000,0,0
1581169848000,0,0
1581170148000,0,0
1581170448000,0,0
1581170748000,0,0
1581171048000,0,0
1581171348000,0,0
1581171648000,0,0
1581171948000,53,48
1581172248000,0,0
1581172548000,60,32
1581172848000,64,50
1581173148000,61,23
1581173448000,0,0
1581173748000,55,39
1581174048000,54,41
1581174348000,54,40
1581174648000,54,51
1581174948000,52,44
1581175248000,52,44
1581175548000,51,45
1581175848000,51,48
1581176148000,50,47
1581176448000,51,44
1581176748000,51,47
1581177048000,51,47
1581177348000,51,46
1581177648000,52,47
1581177948000,54,52
1581178248000,52,51
1581178548000,57,44
1581178848000,0,0
1581179148000,0,0
1581179448000,54,47
1581179748000,0,0
1581180048000,51,48
1581180348000,52,51
1581180648000,50,43
1581180948000,53,51
1581181248000,0,0
1581181548000,52,59
1581181848000,56,47
1581182148000,0,0
