participant_id,date,awakening_count,total_awake_minutes
par_1,2020-03-14,1,10
par_1,2020-03-15,0,50
par_1,2020-03-16,0,50
par_1,2020-03-17,1,35
par_1,2020-03-18,2,35
par_1,2020-03-19,0,65
par_1,2020-03-20,1,20
par_1,2020-03-21,1,40
par_1,2020-03-22,0,30
par_1,2020-03-23,0,15
par_1,2020-03-24,1,20
par_1,2020-03-25,1,45
par_1,2020-03-26,0,40
par_1,2020-03-27,2,55
par_1,2020-03-28,3,55
par_1,2020-03-29,1,20
par_1,2020-03-30,1,25
par_1,2020-03-31,2,115
par_1,2020-04-01,0,45
par_1,2020-04-02,1,25
par_1,2020-04-03,0,30
par_1,2020-04-04,1,35
par_1,2020-04-05,0,35
par_1,2020-04-06,0,20
par_1,2020-04-07,1,30
par_1,2020-04-08,1,25
par_1,2020-04-09,3,55
par_1,2020-04-10,1,50
par_1,2020-04-11,0,15
par_1,2020-04-12,2,30
par_1,2020-04-13,1,35
par_1,2020-04-14,1,55
par_1,2020-04-15,1,45
par_1,2020-04-16,1,75
par_1,2020-04-17,0,25
par_1,2020-04-18,0,45
par_1,2020-04-19,0,5
par_1,2020-04-20,0,30
par_1,2020-04-21,1,25
par_1,2020-04-22,0,50
par_1,2020-04-23,2,135
par_1,2020-04-24,0,50
par_1,2020-04-25,3,70
par_1,2020-04-26,1,20
par_1,2020-04-27,0,30
par_1,2020-04-28,0,20
par_1,2020-04-29,2,95
par_1,2020-04-30,1,55
par_1,2020-05-01,0,20
par_1,2020-05-02,1,150
par_1,2020-05-03,2,40
par_1,2020-05-04,1,65
par_1,2020-05-05,1,170
par_1,2020-05-06,0,40
par_1,2020-05-07,3,95
par_1,2020-05-08,3,95
par_1,2020-05-09,0,75
par_1,2020-05-10,1,40
par_1,2020-05-11,1,70
par_1,2020-05-12,1,45
par_1,2020-05-13,3,50
par_1,2020-05-14,3,100
par_1,2020-05-15,1,25
par_1,2020-05-16,2,50
par_1,2020-05-17,2,120
par_1,2020-05-18,0,25
par_1,2020-05-20,1,80
par_1,2020-05-21,0,30
par_1,2020-05-22,0,85
par_1,2020-05-23,4,85
par_1,2020-05-24,3,45
par_1,2020-05-25,2,60
par_1,2020-05-26,1,55
par_1,2020-05-27,1,55
par_1,2020-05-28,3,75
par_1,2020-05-29,0,15
par_1,2020-05-30,1,20
par_1,2020-05-31,0,15
par_1,2020-06-01,1,60
par_1,2020-06-02,0,30
par_1,2020-06-03,3,70
par_1,2020-06-04,1,25
par_1,2020-06-05,0,30
par_1,2020-06-06,1,60
par_1,2020-06-07,0,20
par_1,2020-06-08,1,50
par_1,2020-06-11,2,70
par_1,2020-06-12,0,60
par_1,2020-06-13,0,35
par_1,2020-06-14,1,90
par_1,2020-06-15,1,45
par_1,2020-06-16,1,65
par_1,2020-06-17,0,100
par_1,2020-06-18,1,30
par_1,2020-06-19,1,30
par_1,2020-06-20,0,40
par_1,2020-06-21,0,25
par_1,2020-06-22,1,25
par_1,2020-06-23,0,45
par_1,2020-06-24,0,10
par_1,2020-06-25,1,120
par_1,2020-06-27,1,35
par_1,2020-06-28,0,30
par_1,2020-06-29,1,55
par_1,2020-06-30,2,30
par_1,2020-07-01,2,70
par_1,2020-07-02,0,30
par_1,2020-07-03,1,25
par_1,2020-07-04,0,30
par_1,2020-07-05,1,40
par_1,2020-07-06,1,35
par_1,2020-07-07,2,50
par_1,2020-07-08,2,30
par_1,2020-07-09,1,25
par_1,2020-07-10,0,25
par_1,2020-07-11,1,25
par_1,2020-07-12,0,65
par_1,2020-07-13,2,90
par_1,2020-07-14,2,90
par_1,2020-07-15,0,25
par_1,2020-07-16,1,50
par_1,2020-07-17,2,50
par_1,2020-07-18,1,110
par_1,2020-07-19,1,45
par_1,2020-07-20,1,60
par_1,2020-07-21,1,100
par_1,2020-07-22,1,30
par_1,2020-07-23,1,40
par_1,2020-07-24,0,35
par_1,2020-07-25,1,110
par_1,2020-07-26,1,20
par_1,2020-07-27,0,20
par_1,2020-07-28,2,30
par_1,2020-07-29,0,25
par_1,2020-07-30,1,85
par_1,2020-07-31,0,80
par_1,2020-08-01,1,55
par_1,2020-08-02,0,25
par_1,2020-08-03,3,100
par_1,2020-08-04,2,135
par_1,2020-08-05,0,25
par_1,2020-08-06,1,25
par_1,2020-08-07,0,35
par_1,2020-08-08,0,30
par_1,2020-08-09,1,15
par_1,2020-08-10,1,20
par_1,2020-08-11,0,20
par_1,2020-08-12,1,80
par_1,2020-08-13,0,25
par_1,2020-08-14,2,25
par_1,2020-08-15,1,170
par_1,2020-08-16,2,60
par_1,2020-08-17,2,40
par_1,2020-08-18,0,25
par_1,2020-08-19,2,20
par_1,2020-08-20,1,15
par_1,2020-08-21,3,45
par_1,2020-08-22,2,25
par_1,2020-08-23,1,15
par_1,2020-08-24,2,40
par_1,2020-08-25,0,30
par_1,2020-08-26,1,110
par_1,2020-08-27,3,60
par_1,2020-08-28,1,50
par_1,2020-08-29,1,50
par_1,2020-08-30,1,45
par_1,2020-08-31,1,60
par_1,2020-09-01,1,35
par_1,2020-09-02,0,15
par_1,2020-09-03,0,25
par_1,2020-09-04,1,65
par_1,2020-09-05,1,25
par_1,2020-09-06,0,40
par_1,2020-09-07,2,70
par_1,2020-09-08,2,35
par_1,2020-09-09,1,35
par_1,2020-09-10,1,55
par_1,2020-09-11,2,50
par_1,2020-09-12,1,10
par_1,2020-09-13,1,45
par_1,2020-09-14,2,50
par_1,2020-09-15,1,35
par_1,2020-09-16,1,25
par_1,2020-09-17,0,45
par_1,2020-09-18,2,35
par_1,2020-09-19,0,35
par_1,2020-09-20,1,40
par_1,2020-09-21,0,20
par_1,2020-09-22,2,20
par_1,2020-09-23,1,20
par_1,2020-09-24,0,50
par_1,2020-09-25,1,65
par_1,2020-09-26,2,40
par_1,2020-09-27,0,40
par_1,2020-09-28,1,25
par_1,2020-09-29,1,75
par_1,2020-09-30,0,15
par_1,2020-10-01,1,25
par_1,2020-10-02,1,30
par_1,2020-10-03,1,25
par_1,2020-10-04,1,30
par_1,2020-10-05,0,30
par_1,2020-10-06,0,25
par_1,2020-10-07,0,30
par_1,2020-10-08,3,55
par_1,2020-10-09,0,30
par_1,2020-10-10,1,35
par_1,2020-10-11,0,30
par_1,2020-10-12,0,40
par_1,2020-10-13,2,30
par_1,2020-10-14,1,60
par_1,2020-10-15,1,20
par_1,2020-10-16,1,75
par_1,2020-10-17,0,20
par_1,2020-10-18,2,15
par_1,2020-10-19,0,30
par_1,2020-10-20,1,20
par_1,2020-10-21,1,30
par_1,2020-10-22,1,40
par_1,2020-10-23,4,60
par_1,2020-10-24,0,30
par_1,2020-10-25,3,45
par_1,2020-10-26,1,60
par_1,2020-10-27,3,30
par_1,2020-10-28,1,10
par_1,2020-10-29,1,30
par_1,2020-10-30,1,25
par_1,2020-10-31,0,55
par_1,2020-11-01,0,75
par_1,2020-11-02,0,20
par_1,2020-11-03,2,55
par_1,2020-11-04,1,60
par_1,2020-11-06,2,25
par_1,2020-11-07,1,50
par_1,2020-11-08,1,45
par_1,2020-11-09,0,45
par_1,2020-11-10,2,50
par_1,2020-11-11,2,45
par_1,2020-11-12,0,20
par_1,2020-11-13,2,35
par_1,2020-11-14,1,25
par_1,2020-11-15,1,30
par_1,2020-11-16,1,30
par_1,2020-11-17,1,20
par_1,2020-11-18,2,35
par_1,2020-11-19,2,75
par_1,2020-11-20,1,35
par_1,2020-11-21,2,25
par_1,2020-11-22,3,40
par_1,2020-11-23,1,20
par_1,2020-11-24,1,20
par_1,2020-11-25,0,10
par_1,2020-11-26,1,15
par_1,2020-11-27,0,15
par_1,2020-11-28,2,90
par_1,2020-11-29,3,70
par_1,2020-11-30,0,10
par_1,2020-12-01,1,40
par_1,2020-12-02,1,5
par_1,2020-12-03,2,25
par_1,2020-12-04,0,25
par_1,2020-12-05,0,20
par_1,2020-12-06,10,255
par_1,2020-12-07,0,20
par_1,2020-12-08,1,45
par_1,2020-12-09,0,35
par_1,2020-12-10,2,30
par_1,2020-12-11,1,40
par_1,2020-12-12,1,50
par_1,2020-12-13,2,45
par_1,2020-12-14,0,65
par_1,2020-12-15,1,15
par_1,2020-12-16,1,30
par_1,2020-12-17,1,15
par_1,2020-12-18,3,125
par_1,2020-12-19,1,40
par_1,2020-12-20,1,30
par_1,2020-12-21,1,45
par_1,2020-12-22,0,50
par_1,2020-12-23,3,95
par_1,2020-12-24,3,70
par_1,2020-12-25,1,50
par_1,2020-12-26,1,25
par_1,2020-12-27,0,20
par_1,2020-12-28,1,30
par_1,2020-12-29,1,20
par_1,2020-12-30,1,55
par_1,2020-12-31,1,50
par_1,2021-01-01,0,10
par_1,2021-01-02,0,40
par_1,2021-01-03,0,25
par_1,2021-01-04,1,25
par_1,2021-01-05,3,55
par_1,2021-01-06,2,115
par_1,2021-01-07,0,15
par_1,2021-01-08,0,30
par_1,2021-01-09,4,50
par_1,2021-01-10,1,30
par_1,2021-01-11,2,20
par_1,2021-01-12,1,15
par_1,2021-01-13,1,15
par_1,2021-01-14,2,65
par_1,2021-01-15,0,30
par_1,2021-01-16,2,115
par_1,2021-01-17,0,15
par_1,2021-01-18,1,60
par_1,2021-01-19,1,60
par_1,2021-01-20,0,10
par_1,2021-01-21,1,30
par_1,2021-01-22,1,50
par_1,2021-01-23,0,40
par_1,2021-01-24,2,30
par_1,2021-01-25,0,95
par_1,2021-01-26,1,20
par_1,2021-01-27,0,25
par_1,2021-01-28,2,55
par_1,2021-01-29,1,15
par_1,2021-01-30,0,35
par_1,2021-01-31,1,30
par_1,2021-02-01,0,25
par_2,2020-07-17,2,65
par_2,2020-07-18,3,55
par_2,2020-07-19,7,145
par_2,2020-07-20,1,60
par_2,2020-07-21,6,65
par_2,2020-07-22,6,95
par_2,2020-07-23,1,35
par_2,2020-07-24,0,35
par_2,2020-07-25,1,25
par_2,2020-07-26,1,20
par_2,2020-07-27,4,80
par_2,2020-07-28,4,50
par_2,2020-07-29,2,30
par_2,2020-07-30,2,40
par_2,2020-08-04,2,20
par_2,2020-08-05,2,40
par_2,2020-08-09,4,45
par_2,2020-08-11,3,50
par_2,2020-08-12,5,90
par_2,2020-08-14,5,135
par_2,2020-08-15,3,30
par_2,2020-08-16,2,30
par_2,2020-08-17,0,40
par_3,2020-03-16,7,75
par_3,2020-03-17,1,60
par_3,2020-03-18,1,35
par_3,2020-03-19,4,150
par_3,2020-03-20,0,20
par_3,2020-03-21,5,110
par_3,2020-03-22,2,45
par_3,2020-03-23,4,95
par_3,2020-03-24,5,85
par_3,2020-03-25,6,90
par_3,2020-03-26,5,90
par_3,2020-03-27,3,105
par_3,2020-03-28,7,110
par_3,2020-04-03,2,25
par_3,2020-04-04,6,95
par_3,2020-04-05,1,55
par_3,2020-04-06,1,40
par_3,2020-04-07,1,190
par_3,2020-04-09,4,50
par_3,2020-04-10,4,90
par_3,2020-04-12,3,60
par_3,2020-04-13,5,60
par_3,2020-04-14,0,25
par_3,2020-04-17,5,75
par_3,2020-04-18,4,60
par_3,2020-04-19,1,70
par_3,2020-04-20,6,70
par_3,2020-04-21,5,120
par_3,2020-04-22,3,65
par_3,2020-04-25,4,465
par_3,2020-04-26,2,105
par_3,2020-04-27,1,20
par_3,2020-04-28,4,65
par_3,2020-04-29,4,75
par_3,2020-04-30,4,80
par_3,2020-05-04,4,90
par_3,2020-05-05,3,105
par_3,2020-05-06,3,40
par_3,2020-05-07,2,100
par_3,2020-05-08,2,25
par_3,2020-05-09,3,50
par_3,2020-05-12,2,20
par_3,2020-05-13,6,145
par_3,2020-05-15,2,60
par_3,2020-05-16,3,70
par_3,2020-05-17,6,95
par_3,2020-05-20,2,45
par_3,2020-05-21,7,160
par_3,2020-05-22,4,70
par_3,2020-05-23,4,80
par_3,2020-05-24,5,65
par_3,2020-05-25,3,105
par_3,2020-05-27,3,90
par_3,2020-05-28,4,165
par_3,2020-05-29,3,65
par_3,2020-05-30,2,25
par_3,2020-05-31,6,100
par_3,2020-06-01,4,60
par_3,2020-06-02,2,30
par_3,2020-06-03,5,130
par_3,2020-06-04,3,65
par_3,2020-06-05,5,95
par_3,2020-06-06,4,145
par_3,2020-06-07,3,90
par_3,2020-06-08,4,135
par_3,2020-06-09,2,30
par_3,2020-06-10,4,90
par_3,2020-06-14,5,115
par_3,2020-06-15,6,80
par_3,2020-06-16,3,55
par_3,2020-06-17,4,85
par_3,2020-06-18,7,95
par_3,2020-06-22,5,125
par_3,2020-06-23,7,125
par_3,2020-06-24,4,60
par_3,2020-06-25,8,110
par_3,2020-06-26,7,160
par_3,2020-06-28,2,30
par_3,2020-07-11,2,95
par_3,2020-07-12,5,100
par_3,2020-07-13,1,110
par_3,2020-07-14,6,90
par_3,2020-07-15,3,105
par_3,2020-07-16,4,70
par_3,2020-07-19,5,55
par_3,2020-07-20,7,100
par_3,2020-07-21,5,75
par_3,2020-07-22,3,150
par_3,2020-07-23,4,50
par_3,2020-07-26,4,85
par_3,2020-07-29,4,95
par_3,2020-07-30,1,20
par_3,2020-07-31,4,60
par_3,2020-08-04,2,45
par_3,2020-08-05,3,65
par_3,2020-08-06,2,35
par_3,2020-08-07,5,85
par_3,2020-08-13,2,40
par_3,2020-08-14,3,130
par_3,2020-08-15,2,30
par_3,2020-08-21,4,55
par_3,2020-08-23,1,40
par_3,2020-08-24,3,20
par_3,2020-08-26,4,65
par_3,2020-08-29,7,215
par_3,2020-08-30,3,100
par_3,2020-08-31,5,55
par_3,2020-09-01,2,40
par_3,2020-09-02,6,125
par_3,2020-09-22,8,60
par_3,2020-09-23,3,90
par_3,2020-09-24,2,55
par_3,2020-09-25,3,160
par_3,2020-09-26,3,45
par_3,2020-09-27,3,75
par_3,2020-10-14,4,100
par_3,2020-10-15,6,100
par_3,2020-10-16,3,105
par_3,2020-10-17,1,50
par_3,2020-10-18,4,70
par_3,2020-10-19,1,25
par_3,2020-10-21,2,40
par_3,2020-10-22,3,65
par_3,2020-10-23,3,145
par_3,2020-10-24,2,60
par_3,2020-10-25,4,85
par_3,2020-10-28,3,50
par_3,2020-10-29,2,40
par_3,2020-10-30,3,105
par_3,2020-10-31,2,35
par_3,2020-11-01,3,50
par_4,2020-07-25,2,60
par_4,2020-07-26,1,85
par_4,2020-07-27,2,65
par_4,2020-07-28,2,75
par_4,2020-07-29,4,40
par_4,2020-07-30,1,10
par_4,2020-07-31,5,70
par_4,2020-08-01,2,60
par_4,2020-08-02,4,75
par_4,2020-08-03,4,80
par_4,2020-08-04,2,35
par_4,2020-08-05,6,110
par_4,2020-08-06,3,60
par_4,2020-08-07,7,90
par_4,2020-08-08,4,70
par_4,2020-08-09,3,65
par_4,2020-08-10,3,80
par_4,2020-08-11,4,100
par_4,2020-08-12,3,60
par_4,2020-08-13,3,70
par_4,2020-08-14,3,45
par_4,2020-08-15,3,80
par_4,2020-08-16,3,80
par_4,2020-08-17,5,95
par_4,2020-08-18,3,145
par_4,2020-08-19,2,35
par_4,2020-08-20,2,50
par_4,2020-08-21,4,170
par_4,2020-08-22,6,95
par_4,2020-08-23,3,75
par_4,2020-08-24,1,55
par_4,2020-08-25,4,60
par_4,2020-08-26,5,105
par_4,2020-08-27,2,35
par_4,2020-08-28,5,95
par_4,2020-08-29,1,55
par_4,2020-08-30,3,100
par_4,2020-08-31,6,110
par_4,2020-09-01,4,80
par_4,2020-09-02,0,30
par_4,2020-09-03,2,85
par_4,2020-09-04,2,85
par_4,2020-09-05,3,70
par_4,2020-09-06,2,40
par_4,2020-09-07,2,65
par_4,2020-09-08,5,95
par_4,2020-09-09,3,35
par_4,2020-09-10,5,40
par_4,2020-09-11,1,45
par_4,2020-09-12,3,80
par_4,2020-09-13,6,110
par_4,2020-09-14,2,50
par_4,2020-09-16,1,55
par_4,2020-09-17,4,45
par_4,2020-09-18,2,55
par_4,2020-09-19,1,70
par_4,2020-09-20,5,90
par_4,2020-09-21,4,55
par_4,2020-09-22,4,85
par_4,2020-09-23,3,40
par_4,2020-09-24,6,80
par_4,2020-09-25,3,80
par_4,2020-09-26,3,55
par_4,2020-09-27,5,125
par_4,2020-09-28,4,50
par_4,2020-09-29,3,65
par_4,2020-09-30,0,15
par_4,2020-10-01,3,60
par_4,2020-10-02,3,80
par_4,2020-10-03,3,40
par_4,2020-10-04,5,85
par_4,2020-10-06,4,55
par_4,2020-10-07,1,80
par_4,2020-10-08,3,70
par_4,2020-10-09,5,50
par_4,2020-10-10,3,65
par_4,2020-10-11,3,60
par_4,2020-10-12,5,70
par_4,2020-10-13,3,80
par_4,2020-10-14,4,65
par_4,2020-10-15,2,55
par_4,2020-10-16,3,70
par_4,2020-10-17,2,65
par_4,2020-10-18,1,75
par_4,2020-10-19,5,100
par_5,2020-07-15,0,10
par_5,2020-07-16,2,45
par_5,2020-07-17,0,25
par_5,2020-07-18,0,25
par_5,2020-07-21,1,25
par_5,2020-07-22,0,15
par_5,2020-07-23,1,30
par_5,2020-07-24,1,5
par_5,2020-07-25,1,20
par_5,2020-07-26,0,55
par_5,2020-07-27,0,35
par_5,2020-07-28,1,45
par_5,2020-07-29,1,45
par_5,2020-07-30,1,15
par_5,2020-07-31,1,20
par_5,2020-08-01,0,10
par_5,2020-08-02,0,45
par_5,2020-08-03,2,65
par_5,2020-08-04,0,25
par_5,2020-08-05,0,20
par_5,2020-08-07,2,45
par_5,2020-08-08,1,50
par_5,2020-08-09,0,35
par_5,2020-08-10,0,25
par_5,2020-08-11,0,35
par_5,2020-08-12,0,35
par_5,2020-08-13,1,20
par_5,2020-08-14,0,15
par_5,2020-08-17,2,65
par_5,2020-08-18,1,55
par_5,2020-08-20,2,60
par_5,2020-08-21,2,65
par_5,2020-08-23,1,20
par_5,2020-08-24,0,30
par_5,2020-08-25,1,20
par_5,2020-08-26,2,35
par_5,2020-08-27,1,70
par_5,2020-08-28,0,10
par_5,2020-08-29,0,35
par_5,2020-08-30,2,35
par_5,2020-08-31,0,50
par_5,2020-09-01,2,50
par_5,2020-09-04,3,65
par_5,2020-09-05,2,40
par_5,2020-09-06,1,40
par_5,2020-09-07,2,35
par_5,2020-09-08,3,50
par_5,2020-09-09,0,20
par_5,2020-09-10,3,65
par_5,2020-09-11,1,40
par_5,2020-09-13,0,20
par_5,2020-09-14,1,60
par_5,2020-09-15,0,40
par_5,2020-09-16,2,50
par_5,2020-09-17,2,45
par_5,2020-09-19,1,25
par_5,2020-09-20,1,10
par_5,2020-09-21,2,20
par_5,2020-09-22,0,15
par_5,2020-09-23,0,60
par_5,2020-09-24,1,45
par_5,2020-09-25,0,25
par_5,2020-09-26,1,45
par_5,2020-09-27,3,40
par_5,2020-09-28,2,70
par_5,2020-09-29,1,20
par_5,2020-09-30,2,50
par_5,2020-10-02,1,30
par_5,2020-10-03,0,30
par_5,2020-10-04,1,20
par_5,2020-10-05,0,35
par_5,2020-10-06,2,55
par_5,2020-10-08,0,15
par_5,2020-10-09,1,25
par_5,2020-10-10,1,80
par_5,2020-10-11,1,15
par_5,2020-10-12,0,25
par_5,2020-10-13,0,20
par_5,2020-10-15,2,35
par_5,2020-10-16,0,20
par_5,2020-10-17,1,55
par_5,2020-10-19,1,20
par_5,2020-10-20,0,25
par_5,2020-10-23,1,25
par_5,2020-10-24,1,45
par_5,2020-10-25,0,20
par_5,2020-10-26,1,25
par_5,2020-10-27,2,20
par_5,2020-10-28,0,15
par_5,2020-10-29,0,10
par_5,2020-10-30,0,30
par_5,2020-10-31,0,20
par_5,2020-11-01,0,15
par_5,2020-11-02,0,15
par_5,2020-11-03,1,30
par_5,2020-11-06,1,10
par_5,2020-11-07,1,25
par_5,2020-11-08,1,15
par_5,2020-11-09,0,25
par_5,2020-11-10,1,20
par_5,2020-11-11,1,5
par_5,2020-11-12,1,35
par_5,2020-11-13,2,30
par_5,2020-11-14,1,30
par_5,2020-11-16,0,15
par_5,2020-11-17,0,25
par_5,2020-11-18,0,15
par_5,2020-11-19,1,10
par_5,2020-11-20,0,35
par_5,2020-11-22,0,20
par_5,2020-11-23,0,20
par_5,2020-11-24,2,30
par_5,2020-11-25,0,10
par_5,2020-11-26,0,25
par_5,2020-11-27,2,35
par_5,2020-11-29,0,20
par_5,2020-11-30,1,35
par_5,2020-12-01,1,20
par_5,2020-12-02,0,15
par_5,2020-12-03,0,15
par_5,2020-12-04,0,20
par_5,2020-12-07,1,50
par_5,2020-12-08,1,50
par_5,2020-12-09,0,15
par_5,2020-12-10,1,30
par_5,2020-12-11,0,30
par_5,2020-12-12,1,40
par_5,2020-12-13,1,40
par_5,2020-12-14,1,25
par_5,2020-12-15,0,25
par_5,2020-12-16,1,20
par_5,2020-12-17,0,35
par_5,2020-12-18,0,35
par_5,2020-12-19,2,55
par_5,2020-12-20,0,25
par_5,2020-12-21,0,25
par_5,2020-12-22,1,30
par_5,2020-12-24,0,25
par_5,2020-12-25,0,35
par_5,2020-12-26,1,15
par_5,2020-12-27,0,30
par_5,2020-12-28,0,15
par_5,2020-12-30,1,35
par_5,2020-12-31,1,20
par_5,2021-01-01,1,15
par_5,2021-01-02,0,15
par_5,2021-01-03,1,40
par_5,2021-01-04,0,20
par_5,2021-01-05,1,10
par_5,2021-01-06,0,25
par_5,2021-01-07,1,25
par_5,2021-01-08,1,15
par_5,2021-01-10,1,20
par_5,2021-01-11,2,30
par_5,2021-01-12,0,5
par_5,2021-01-13,0,20
par_5,2021-01-14,1,25
par_5,2021-01-16,0,350
par_5,2021-01-17,1,15
par_5,2021-01-18,1,30
par_5,2021-01-19,1,20
par_5,2021-01-20,0,15
par_5,2021-01-21,1,10
par_5,2021-01-22,0,5
par_5,2021-01-23,0,35
par_5,2021-01-24,0,15
par_5,2021-01-25,1,20
par_5,2021-01-27,0,25
par_5,2021-01-28,2,30
par_5,2021-01-29,1,45
par_5,2021-01-30,0,10
par_5,2021-01-31,2,30
par_6,2020-08-09,2,40
par_6,2020-08-10,4,125
par_6,2020-08-11,3,140
par_6,2020-08-12,2,35
par_6,2020-08-13,3,165
par_6,2020-08-14,5,95
par_6,2020-08-15,3,55
par_6,2020-08-16,3,105
par_6,2020-08-17,7,135
par_6,2020-08-18,5,80
par_6,2020-08-19,2,45
par_6,2020-08-20,0,40
par_6,2020-08-21,4,90
par_6,2020-08-22,7,100
par_6,2020-08-23,6,80
par_6,2020-08-24,1,60
par_6,2020-08-25,5,55
par_6,2020-08-26,8,95
par_6,2020-08-27,1,30
par_6,2020-08-28,2,60
par_6,2020-08-29,4,50
par_6,2020-08-30,3,105
par_6,2020-08-31,3,40
par_6,2020-09-01,1,65
par_6,2020-09-02,3,65
par_6,2020-09-03,2,25
par_6,2020-09-04,1,60
par_6,2020-09-05,2,25
par_6,2020-09-06,4,50
par_6,2020-09-07,4,115
par_6,2020-09-08,3,40
par_6,2020-09-09,4,70
par_6,2020-09-10,8,175
par_6,2020-09-11,2,45
par_6,2020-09-12,5,65
par_6,2020-09-13,5,55
par_6,2020-09-14,2,65
par_6,2020-09-15,5,80
par_6,2020-09-16,2,30
par_6,2020-09-17,2,20
par_6,2020-09-18,2,55
par_6,2020-09-19,3,55
par_6,2020-09-20,1,50
par_6,2020-09-21,3,40
par_6,2020-09-22,1,30
par_6,2020-09-23,7,75
par_6,2020-09-24,3,25
par_6,2020-09-26,1,35
par_6,2020-09-27,5,70
par_6,2020-09-28,3,40
par_6,2020-09-29,5,60
par_6,2020-09-30,2,35
par_6,2020-10-01,4,35
par_6,2020-10-02,2,25
par_6,2020-10-03,5,90
par_6,2020-10-04,4,50
par_6,2020-10-05,4,50
par_6,2020-10-06,4,45
par_6,2020-10-09,3,170
par_6,2020-10-10,4,60
par_6,2020-10-11,3,60
par_6,2020-10-12,4,40
par_6,2020-10-13,5,185
par_6,2020-10-14,3,30
par_6,2020-10-15,4,170
par_6,2020-10-16,8,170
par_6,2020-10-17,6,70
par_6,2020-10-18,5,60
par_6,2020-10-19,3,40
par_6,2020-10-20,4,150
par_6,2020-10-21,4,40
par_6,2020-10-22,2,30
par_6,2020-10-23,3,135
par_6,2020-10-24,3,60
par_6,2020-10-25,3,50
par_6,2020-10-26,6,150
par_6,2020-10-27,4,125
par_6,2020-10-28,4,55
par_6,2020-10-29,3,30
par_6,2020-10-30,7,180
par_6,2020-10-31,6,65
par_6,2020-11-01,3,65
par_6,2020-11-02,2,30
par_6,2020-11-03,4,55
par_6,2020-11-04,3,65
par_6,2020-11-05,3,35
par_6,2020-11-06,2,30
par_6,2020-11-07,8,80
par_6,2020-11-08,2,60
par_6,2020-11-09,5,60
par_6,2020-11-10,4,45
par_6,2020-11-11,4,100
par_6,2020-11-12,4,65
par_6,2020-11-13,4,100
par_6,2020-11-14,2,40
par_6,2020-11-15,5,105
par_6,2020-11-16,2,20
par_6,2020-11-17,6,185
par_6,2020-11-18,5,60
par_6,2020-11-19,6,55
par_6,2020-11-20,8,195
par_6,2020-11-21,2,40
par_6,2020-11-22,6,95
par_6,2020-11-23,5,50
par_6,2020-11-24,4,180
par_6,2020-11-25,6,80
par_6,2020-11-26,2,65
par_6,2020-11-27,3,40
par_6,2020-11-28,2,35
par_6,2020-11-29,3,55
par_6,2020-11-30,1,20
par_6,2020-12-01,5,60
par_6,2020-12-02,2,35
par_6,2020-12-03,1,15
par_6,2020-12-04,6,155
par_6,2020-12-05,5,60
par_6,2020-12-06,2,25
par_6,2020-12-07,0,25
par_6,2020-12-08,6,210
par_6,2020-12-09,1,15
par_6,2020-12-10,3,40
par_6,2020-12-11,3,170
par_6,2020-12-12,5,130
par_6,2020-12-13,4,75
par_6,2020-12-14,4,65
par_6,2020-12-15,4,40
par_6,2020-12-16,8,125
par_6,2020-12-17,3,75
par_6,2020-12-18,5,100
par_6,2020-12-19,6,115
par_6,2020-12-20,10,155
par_6,2020-12-21,4,55
par_6,2020-12-22,1,30
par_6,2020-12-23,4,55
par_6,2020-12-24,3,85
par_6,2020-12-25,3,65
par_6,2020-12-27,4,75
par_6,2020-12-28,3,50
par_6,2020-12-29,5,55
par_6,2020-12-30,7,80
par_6,2020-12-31,7,100
par_6,2021-01-01,4,40
par_6,2021-01-02,2,70
par_6,2021-01-03,2,60
par_6,2021-01-05,3,65
par_6,2021-01-06,7,150
par_6,2021-01-07,4,70
par_6,2021-01-08,7,70
par_6,2021-01-09,4,85
par_6,2021-01-10,8,90
par_6,2021-01-11,1,55
par_6,2021-01-12,5,100
par_6,2021-01-13,4,60
par_6,2021-01-14,2,25
par_6,2021-01-15,2,45
par_6,2021-01-16,2,45
par_6,2021-01-17,3,40
par_6,2021-01-18,3,95
par_6,2021-01-19,1,60
par_6,2021-01-20,2,70
par_6,2021-01-21,2,75
par_6,2021-01-22,2,60
par_6,2021-01-23,4,85
par_6,2021-01-24,8,100
par_6,2021-01-25,5,115
par_6,2021-01-26,6,90
par_6,2021-01-27,3,60
par_6,2021-01-28,3,50
par_6,2021-01-29,5,115
par_6,2021-01-30,7,90
par_6,2021-01-31,3,35
par_6,2021-02-01,3,25
par_7,2020-01-29,3,65
par_7,2020-01-30,2,70
par_7,2020-01-31,4,70
par_7,2020-02-01,3,70
par_7,2020-02-02,1,75
par_7,2020-02-03,2,15
par_7,2020-02-04,2,65
par_7,2020-02-05,3,70
par_7,2020-02-06,3,40
par_7,2020-02-07,4,40
par_7,2020-02-08,1,55
par_7,2020-02-09,4,115
par_7,2020-02-10,7,115
par_7,2020-02-11,4,65
par_7,2020-02-12,2,65
par_7,2020-02-13,1,45
par_7,2020-02-14,4,70
par_7,2020-02-15,3,45
par_7,2020-02-16,1,80
par_7,2020-02-17,3,55
par_7,2020-02-18,3,55
par_7,2020-02-19,7,60
par_7,2020-02-20,4,100
par_7,2020-02-21,5,95
par_7,2020-02-22,3,70
par_7,2020-02-23,4,85
par_7,2020-02-24,1,55
par_7,2020-02-25,2,25
par_7,2020-02-26,6,65
par_7,2020-02-27,3,50
par_7,2020-02-28,3,50
par_7,2020-02-29,4,55
par_7,2020-03-01,3,50
par_7,2020-03-02,6,120
par_7,2020-03-04,2,45
par_7,2020-03-05,3,55
par_7,2020-03-06,9,135
par_7,2020-03-07,9,150
par_7,2020-03-08,3,50
par_7,2020-03-09,2,45
par_7,2020-03-10,5,60
par_7,2020-03-11,5,190
par_7,2020-03-12,4,35
par_7,2020-03-13,4,75
par_7,2020-03-14,4,75
par_7,2020-03-15,1,15
par_7,2020-03-16,4,75
par_7,2020-03-17,1,40
par_7,2020-03-18,4,155
par_7,2020-03-19,2,60
par_7,2020-03-20,2,45
par_7,2020-03-21,2,55
par_7,2020-03-22,5,95
par_7,2020-03-23,1,55
par_7,2020-03-24,0,40
par_7,2020-03-25,4,90
par_7,2020-03-27,0,40
par_7,2020-03-28,2,55
par_7,2020-03-29,4,90
par_7,2020-03-30,1,50
par_7,2020-03-31,4,70
par_7,2020-04-01,2,55
par_7,2020-04-02,2,40
par_7,2020-04-03,1,35
par_7,2020-04-04,3,65
par_7,2020-04-05,0,65
par_7,2020-04-06,2,85
par_7,2020-04-07,2,35
par_7,2020-04-08,3,70
par_7,2020-04-09,0,20
par_7,2020-04-10,1,25
par_7,2020-04-11,2,30
par_7,2020-04-12,1,50
par_7,2020-04-13,0,35
par_7,2020-04-16,1,60
par_7,2020-04-17,2,55
par_7,2020-04-18,0,80
par_7,2020-04-19,2,50
par_7,2020-04-20,2,50
par_7,2020-04-21,2,75
par_7,2020-04-22,1,75
par_7,2020-04-23,0,30
par_7,2020-04-24,1,15
par_7,2020-04-25,0,50
par_7,2020-04-26,1,50
par_7,2020-04-29,1,35
par_7,2020-04-30,2,35
par_7,2020-05-01,1,40
par_7,2020-05-02,6,90
par_7,2020-05-03,2,80
par_7,2020-05-04,2,45
par_7,2020-05-05,2,80
par_7,2020-05-06,4,95
par_7,2020-05-07,2,55
par_7,2020-05-08,2,40
par_7,2020-05-09,1,30
par_7,2020-05-11,3,105
par_7,2020-05-12,0,45
par_7,2020-05-13,3,50
par_7,2020-05-14,1,55
par_7,2020-05-15,4,70
par_7,2020-05-16,2,40
par_7,2020-05-17,5,110
par_7,2020-05-18,3,50
par_7,2020-05-19,0,50
par_7,2020-05-20,4,50
par_7,2020-05-21,2,50
par_7,2020-05-22,2,65
par_7,2020-05-23,4,65
par_7,2020-05-24,2,40
par_7,2020-05-25,0,20
par_7,2020-05-26,4,70
par_7,2020-05-28,1,40
par_7,2020-05-29,0,50
par_7,2020-05-30,6,115
par_7,2020-05-31,1,30
par_7,2020-06-01,4,85
par_7,2020-06-02,0,40
par_7,2020-06-04,2,85
par_7,2020-06-05,2,50
par_7,2020-06-07,1,30
par_7,2020-06-08,9,180
par_7,2020-06-09,0,45
par_7,2020-06-11,1,40
par_7,2020-06-13,2,55
par_7,2020-06-15,2,55
par_7,2020-06-16,2,45
par_7,2020-06-17,0,60
par_7,2020-06-18,1,50
par_7,2020-06-19,2,35
par_7,2020-06-20,4,75
par_7,2020-06-21,1,65
par_7,2020-06-24,7,115
par_7,2020-06-25,1,55
par_7,2020-06-26,5,80
par_7,2020-06-27,2,55
par_7,2020-06-28,4,75
par_7,2020-06-29,2,55
par_7,2020-06-30,0,15
par_7,2020-07-01,2,105
par_7,2020-07-02,1,40
par_7,2020-07-03,3,160
par_7,2020-07-04,2,35
par_7,2020-07-05,3,50
par_7,2020-07-06,3,35
par_7,2020-07-07,2,55
par_7,2020-07-08,4,40
par_7,2020-07-09,5,80
par_7,2020-07-10,5,70
par_7,2020-07-11,2,105
par_7,2020-07-12,3,65
par_7,2020-07-13,1,50
par_7,2020-07-15,2,25
par_7,2020-07-16,3,60
par_7,2020-07-17,0,25
par_7,2020-07-18,3,70
par_7,2020-07-19,1,30
par_7,2020-07-20,3,60
par_7,2020-07-21,6,105
par_7,2020-07-22,5,65
par_7,2020-07-23,7,120
par_7,2020-07-24,4,60
par_7,2020-07-26,1,35
par_7,2020-07-27,3,75
par_7,2020-07-28,2,45
par_7,2020-07-29,3,40
par_7,2020-07-30,5,50
par_7,2020-07-31,4,65
par_7,2020-08-01,1,80
par_7,2020-08-02,2,55
par_7,2020-08-03,4,65
par_7,2020-08-04,1,55
par_7,2020-08-05,2,45
par_7,2020-08-06,2,55
par_7,2020-08-07,2,40
par_7,2020-08-08,2,90
par_7,2020-08-09,2,25
par_7,2020-08-10,1,60
par_7,2020-08-11,1,35
par_7,2020-08-12,2,85
par_7,2020-08-13,3,65
par_7,2020-08-14,2,50
par_7,2020-08-15,1,50
par_7,2020-08-16,2,75
par_7,2020-08-17,4,95
par_7,2020-08-18,1,115
par_7,2020-08-19,1,50
par_7,2020-08-22,0,65
par_7,2020-08-23,2,65
par_7,2020-08-24,3,50
par_7,2020-08-25,2,60
par_7,2020-08-26,4,70
par_7,2020-08-28,4,155
par_7,2020-08-29,1,60
par_7,2020-08-30,1,35
par_7,2020-08-31,1,20
par_7,2020-09-01,5,155
par_7,2020-09-02,1,45
par_7,2020-09-03,2,125
par_7,2020-09-04,3,120
par_7,2020-09-05,5,90
par_7,2020-09-06,5,145
par_7,2020-09-07,2,105
par_7,2020-09-08,1,45
par_7,2020-09-09,0,20
par_7,2020-09-10,3,45
par_7,2020-09-11,0,45
par_7,2020-09-12,1,30
par_7,2020-09-14,3,55
par_7,2020-09-15,1,25
par_7,2020-09-16,2,50
par_7,2020-09-17,1,85
par_7,2020-09-18,1,40
par_7,2020-09-19,3,50
par_7,2020-09-22,1,65
par_7,2020-09-23,2,25
par_7,2020-09-24,2,60
par_7,2020-09-25,1,50
par_7,2020-09-26,2,50
par_7,2020-09-27,2,40
par_7,2020-09-28,3,65
par_7,2020-09-29,4,80
par_7,2020-09-30,1,40
par_7,2020-10-01,5,175
par_7,2020-10-02,2,45
par_7,2020-10-03,4,50
par_7,2020-10-04,4,50
par_7,2020-10-05,3,45
par_7,2020-10-06,1,60
par_7,2020-10-07,3,85
par_7,2020-10-08,6,85
par_7,2020-10-09,3,50
par_7,2020-10-10,2,60
par_7,2020-10-11,4,80
par_7,2020-10-12,1,30
par_7,2020-10-13,3,55
par_7,2020-10-14,3,95
par_7,2020-10-15,5,70
par_7,2020-10-16,5,115
par_7,2020-10-17,1,140
par_7,2020-10-18,2,55
par_7,2020-10-20,4,90
par_7,2020-10-21,4,85
par_7,2020-10-22,1,85
par_7,2020-10-23,1,20
par_7,2020-10-24,2,55
par_7,2020-10-25,3,80
par_7,2020-10-26,1,60
par_7,2020-10-27,6,75
par_7,2020-10-28,4,70
par_7,2020-10-29,4,90
par_7,2020-10-30,2,75
par_7,2020-10-31,2,75
par_7,2020-11-03,7,105
par_7,2020-11-04,2,60
par_7,2020-11-05,1,75
par_7,2020-11-06,5,130
par_7,2020-11-07,4,70
par_7,2020-11-08,3,70
par_7,2020-11-09,2,65
par_7,2020-11-10,3,65
par_7,2020-11-11,4,85
par_7,2020-11-12,3,70
par_7,2020-11-13,1,35
par_7,2020-11-14,1,65
par_7,2020-11-15,5,95
par_7,2020-11-16,1,55
par_7,2020-11-17,3,75
par_7,2020-11-19,2,40
par_7,2020-11-20,2,40
par_7,2020-11-21,1,20
par_7,2020-11-22,3,50
par_7,2020-11-23,2,65
par_7,2020-11-24,3,60
par_7,2020-11-25,2,25
par_7,2020-11-26,2,35
par_7,2020-11-27,1,40
par_7,2020-11-28,3,55
par_7,2020-11-29,1,40
par_7,2020-11-30,5,55
par_7,2020-12-01,2,45
par_7,2020-12-02,1,30
par_7,2020-12-03,0,10
par_7,2020-12-04,1,25
par_7,2020-12-05,4,55
par_7,2020-12-07,5,80
par_7,2020-12-08,5,70
par_7,2020-12-10,6,120
par_7,2020-12-11,0,45
par_7,2020-12-12,2,55
par_7,2020-12-13,3,65
par_7,2020-12-14,2,50
par_7,2020-12-16,2,25
par_7,2020-12-17,2,45
par_7,2020-12-19,4,75
par_7,2020-12-20,1,50
par_7,2020-12-22,10,110
par_7,2020-12-23,6,150
par_7,2020-12-24,4,100
par_7,2020-12-25,3,45
par_7,2020-12-26,2,75
par_7,2020-12-28,2,70
par_7,2020-12-29,1,10
par_7,2020-12-30,1,55
par_7,2020-12-31,2,45
par_7,2021-01-01,3,55
par_7,2021-01-02,1,25
par_7,2021-01-03,1,40
par_7,2021-01-04,2,35
par_7,2021-01-05,2,70
par_7,2021-01-06,1,45
par_7,2021-01-07,1,55
par_7,2021-01-08,1,50
par_7,2021-01-09,2,60
par_7,2021-01-10,1,30
par_7,2021-01-11,3,60
par_7,2021-01-12,3,35
par_7,2021-01-13,4,75
par_7,2021-01-14,3,35
par_7,2021-01-15,4,80
par_7,2021-01-16,4,40
par_7,2021-01-18,1,30
par_7,2021-01-19,2,50
par_7,2021-01-20,0,30
par_7,2021-01-21,3,75
par_7,2021-01-22,1,45
par_7,2021-01-23,2,65
par_7,2021-01-24,2,55
par_7,2021-01-25,3,75
par_7,2021-01-26,2,55
par_7,2021-01-28,1,40
par_7,2021-01-29,2,30
par_7,2021-01-30,1,50
par_7,2021-01-31,2,65
par_8,2020-01-21,2,50
par_8,2020-01-22,3,55
par_8,2020-01-23,4,50
par_8,2020-01-24,2,70
par_8,2020-01-25,1,15
par_8,2020-01-26,1,70
par_8,2020-01-27,5,65
par_8,2020-01-28,4,85
par_8,2020-01-29,3,45
par_8,2020-01-30,3,75
par_8,2020-01-31,0,65
par_8,2020-02-01,2,75
par_8,2020-02-02,2,55
par_8,2020-02-03,2,100
par_8,2020-02-04,4,60
par_8,2020-02-05,3,60
par_8,2020-02-06,3,80
par_8,2020-02-07,2,70
par_8,2020-02-08,4,65
par_8,2020-02-10,4,55
par_8,2020-02-11,3,40
par_8,2020-02-12,3,90
par_8,2020-02-13,3,100
par_8,2020-02-14,0,25
par_8,2020-02-15,2,80
par_8,2020-02-16,1,35
par_8,2020-02-17,3,55
par_8,2020-02-18,3,55
par_8,2020-02-19,2,50
par_8,2020-02-20,1,65
par_8,2020-02-21,2,35
par_8,2020-02-22,3,75
par_8,2020-02-23,0,25
par_8,2020-02-24,2,55
par_8,2020-02-25,1,45
par_8,2020-02-26,3,100
par_8,2020-02-27,0,20
par_8,2020-02-28,1,50
par_8,2020-02-29,1,50
par_8,2020-03-01,3,55
par_8,2020-03-02,1,130
par_8,2020-03-03,0,40
par_8,2020-03-04,3,55
par_8,2020-03-05,3,60
par_8,2020-03-06,4,65
par_8,2020-03-07,2,50
par_8,2020-03-08,0,20
par_8,2020-03-09,0,20
par_8,2020-03-10,1,25
par_8,2020-03-12,5,70
par_8,2020-03-13,2,55
par_8,2020-03-14,2,35
par_8,2020-03-15,4,30
par_8,2020-03-16,1,55
par_8,2020-03-17,2,110
par_8,2020-03-18,2,50
par_8,2020-03-19,0,30
par_8,2020-03-20,2,40
par_8,2020-03-21,0,50
par_8,2020-03-22,3,95
par_8,2020-03-23,3,40
par_8,2020-03-24,1,35
par_8,2020-03-25,3,60
par_8,2020-03-27,3,60
par_8,2020-03-28,2,60
par_8,2020-03-29,6,80
par_8,2020-03-30,2,70
par_8,2020-03-31,4,105
par_8,2020-04-01,6,75
par_8,2020-04-02,4,120
par_8,2020-04-04,3,40
par_8,2020-04-05,2,20
par_8,2020-04-06,4,70
par_8,2020-04-17,2,50
par_8,2020-04-18,2,10
par_8,2020-04-19,1,35
par_8,2020-04-20,1,20
par_8,2020-04-21,2,40
par_8,2020-04-22,2,50
par_8,2020-04-25,2,105
par_8,2020-04-26,1,30
par_8,2020-04-27,3,70
par_8,2020-04-28,2,70
par_8,2020-04-29,1,60
par_8,2020-04-30,3,125
par_8,2020-05-01,3,70
par_8,2020-05-02,2,65
par_8,2020-05-03,1,20
par_8,2020-05-04,1,85
par_8,2020-05-05,5,105
par_8,2020-05-06,2,70
par_8,2020-05-07,2,115
par_8,2020-05-08,0,85
par_8,2020-05-11,4,140
par_8,2020-05-12,2,115
par_8,2020-05-13,4,140
par_8,2020-05-14,2,115
par_8,2020-05-15,3,105
par_8,2020-05-16,2,65
par_8,2020-05-17,2,20
par_8,2020-05-19,5,105
par_8,2020-05-20,1,10
par_8,2020-05-21,2,65
par_8,2020-05-22,4,80
par_8,2020-05-23,1,55
par_8,2020-05-24,4,60
par_8,2020-05-25,1,25
par_8,2020-05-26,3,50
par_8,2020-05-28,1,35
par_8,2020-05-30,1,35
par_8,2020-05-31,1,60
par_8,2020-06-01,0,65
par_8,2020-06-02,2,40
par_8,2020-06-03,0,35
par_8,2020-06-04,3,60
par_8,2020-06-05,2,65
par_8,2020-06-06,2,60
par_8,2020-06-07,1,60
par_8,2020-06-08,0,60
par_8,2020-06-11,1,30
par_8,2020-06-12,0,55
par_8,2020-06-13,1,40
par_8,2020-06-14,2,40
par_8,2020-06-15,2,40
par_8,2020-06-16,2,80
par_8,2020-06-17,3,45
par_8,2020-06-19,1,40
par_8,2020-06-20,1,105
par_8,2020-06-21,0,70
par_8,2020-06-22,0,10
par_8,2020-06-23,4,50
par_8,2020-06-24,4,45
par_8,2020-06-25,3,90
par_8,2020-06-26,4,80
par_8,2020-06-27,3,50
par_8,2020-06-28,2,60
par_8,2020-06-29,4,75
par_8,2020-06-30,4,90
par_8,2020-07-01,2,40
par_8,2020-07-02,8,130
par_8,2020-07-03,2,80
par_8,2020-07-05,3,55
par_8,2020-07-06,2,80
par_8,2020-07-07,3,40
par_8,2020-07-08,2,95
par_8,2020-07-09,5,60
par_8,2020-07-10,2,100
par_8,2020-07-11,3,50
par_8,2020-07-12,4,60
par_8,2020-07-13,2,65
par_8,2020-07-14,4,65
par_8,2020-07-15,0,45
par_8,2020-07-16,5,65
par_8,2020-07-17,3,65
par_8,2020-07-19,2,60
par_8,2020-07-20,2,35
par_8,2020-07-21,3,40
par_8,2020-07-22,1,20
par_8,2020-07-23,1,20
par_8,2020-07-24,1,20
par_8,2020-07-25,1,25
par_8,2020-07-27,0,35
par_8,2020-07-28,3,85
par_8,2020-07-29,2,70
par_8,2020-07-30,2,90
par_8,2020-07-31,2,60
par_8,2020-08-01,0,60
par_8,2020-08-02,3,80
par_8,2020-08-10,0,15
par_8,2020-08-11,3,90
par_8,2020-08-12,4,90
par_8,2020-08-13,5,75
par_8,2020-08-14,4,55
par_8,2020-08-15,6,65
par_8,2020-08-16,3,50
par_8,2020-08-18,0,20
par_8,2020-08-19,1,50
par_8,2020-08-20,3,80
par_8,2020-08-21,2,30
par_8,2020-08-22,3,45
par_8,2020-08-23,1,55
par_8,2020-08-24,1,40
par_8,2020-08-25,3,30
par_8,2020-08-27,5,150
par_8,2020-08-28,3,55
par_8,2020-08-29,3,70
par_8,2020-08-30,3,90
par_8,2020-08-31,3,70
par_8,2020-09-01,1,35
par_8,2020-09-02,3,95
par_8,2020-09-06,3,65
par_8,2020-09-07,2,50
par_8,2020-09-08,0,60
par_8,2020-09-09,5,105
par_8,2020-09-10,5,125
par_8,2020-09-11,0,55
par_8,2020-09-12,3,40
par_8,2020-09-14,4,40
par_8,2020-09-15,2,60
par_8,2020-09-16,2,55
par_8,2020-09-17,5,110
par_8,2020-09-18,3,45
par_8,2020-09-19,1,30
par_8,2020-09-20,2,60
par_8,2020-09-21,4,55
par_8,2020-09-22,4,60
par_8,2020-09-23,3,120
par_8,2020-09-24,0,40
par_8,2020-09-25,4,65
par_8,2020-09-26,3,65
par_8,2020-09-27,2,30
par_8,2020-09-29,2,55
par_8,2020-09-30,5,60
par_8,2020-10-01,1,85
par_8,2020-10-02,0,25
par_8,2020-10-03,1,30
par_8,2020-10-04,1,20
par_8,2020-10-05,2,30
par_8,2020-10-06,2,15
par_8,2020-10-07,3,35
par_8,2020-10-08,1,45
par_8,2020-10-09,1,30
par_8,2020-10-10,4,55
par_8,2020-10-11,3,40
par_8,2020-10-12,0,20
par_8,2020-10-13,2,50
par_8,2020-10-14,2,40
par_8,2020-10-15,2,80
par_8,2020-10-16,2,55
par_8,2020-10-17,0,40
par_8,2020-10-18,1,65
par_8,2020-10-19,3,60
par_8,2020-10-20,3,50
par_8,2020-10-21,2,65
par_8,2020-10-22,1,40
par_8,2020-10-23,2,40
par_8,2020-10-24,1,65
par_8,2020-10-25,3,115
par_8,2020-10-26,3,70
par_8,2020-11-03,0,35
par_8,2020-11-04,4,40
par_8,2020-11-05,2,95
par_8,2020-11-06,2,45
par_8,2020-11-07,3,30
par_8,2020-11-08,1,30
par_8,2020-11-09,3,80
par_8,2020-11-10,1,80
par_8,2020-11-11,3,75
par_8,2020-11-12,3,90
par_8,2020-11-13,1,30
par_8,2020-11-14,2,45
par_8,2020-11-15,2,60
par_8,2020-11-16,2,35
par_8,2020-11-17,5,105
par_8,2020-11-18,3,75
par_8,2020-11-19,3,55
par_8,2020-11-20,1,60
par_8,2020-11-21,1,25
par_8,2020-11-22,1,45
par_8,2020-11-23,1,45
par_8,2020-11-26,1,45
par_8,2020-11-27,3,75
par_8,2020-11-28,6,130
par_8,2020-11-29,4,125
par_8,2020-11-30,3,65
par_8,2020-12-01,2,100
par_8,2020-12-02,4,80
par_8,2020-12-03,2,30
par_8,2020-12-04,2,55
par_8,2020-12-05,2,50
par_8,2020-12-06,6,75
par_8,2020-12-07,2,65
par_8,2020-12-08,4,95
par_8,2020-12-12,1,30
par_8,2020-12-13,0,30
par_8,2020-12-14,4,70
par_8,2020-12-15,1,40
par_8,2020-12-16,3,100
par_8,2020-12-17,1,50
par_8,2020-12-18,4,55
par_8,2020-12-20,3,75
par_8,2020-12-21,3,65
par_8,2020-12-22,4,60
par_8,2020-12-23,4,75
par_8,2020-12-24,3,65
par_8,2020-12-25,3,40
par_8,2020-12-26,2,75
par_8,2020-12-27,3,60
par_8,2020-12-28,2,60
par_8,2020-12-29,5,65
par_8,2020-12-30,3,75
par_8,2020-12-31,3,60
par_8,2021-01-01,3,60
par_8,2021-01-02,2,50
par_8,2021-01-03,2,70
par_8,2021-01-04,2,95
par_8,2021-01-05,2,70
par_8,2021-01-06,5,85
par_8,2021-01-07,3,65
par_8,2021-01-08,2,50
par_8,2021-01-09,3,60
par_8,2021-01-10,3,120
par_8,2021-01-11,3,75
par_8,2021-01-12,4,65
par_8,2021-01-13,5,105
par_8,2021-01-14,3,35
par_8,2021-01-17,2,60
par_8,2021-01-18,4,65
par_8,2021-01-19,3,75
par_8,2021-01-20,4,110
par_8,2021-01-21,2,75
par_8,2021-01-22,2,45
par_8,2021-01-23,4,85
par_8,2021-01-24,2,110
par_8,2021-01-25,6,120
par_8,2021-01-26,1,75
par_8,2021-01-27,2,90
par_8,2021-01-28,3,75
par_9,2020-01-23,3,55
par_9,2020-01-24,3,50
par_9,2020-01-25,1,10
par_9,2020-01-26,2,15
par_9,2020-01-27,1,20
par_9,2020-01-28,0,25
par_9,2020-01-29,2,50
par_9,2020-01-31,1,45
par_9,2020-02-01,0,25
par_9,2020-02-02,2,70
par_9,2020-02-03,0,15
par_9,2020-02-04,4,115
par_9,2020-02-05,0,15
par_9,2020-02-06,0,25
par_9,2020-02-08,2,55
par_9,2020-02-09,2,35
par_9,2020-02-10,5,50
par_9,2020-02-11,2,75
par_9,2020-02-12,4,55
par_9,2020-02-13,4,45
par_9,2020-02-14,5,70
par_9,2020-02-15,2,50
par_9,2020-02-16,2,25
par_9,2020-02-17,0,20
par_9,2020-02-18,2,50
par_9,2020-02-19,3,55
par_9,2020-02-20,3,85
par_9,2020-02-21,0,35
par_9,2020-02-22,2,40
par_9,2020-02-23,2,35
par_9,2020-02-24,3,55
par_9,2020-02-25,2,30
par_9,2020-02-26,2,25
par_9,2020-02-27,1,30
par_9,2020-02-28,0,35
par_9,2020-02-29,1,15
par_9,2020-03-01,0,5
par_9,2020-03-02,3,30
par_9,2020-03-03,2,35
par_9,2020-03-04,1,40
par_9,2020-03-05,1,40
par_9,2020-03-06,0,70
par_9,2020-03-07,2,35
par_9,2020-03-08,1,50
par_9,2020-03-09,2,45
par_9,2020-03-11,4,35
par_9,2020-03-12,2,30
par_9,2020-03-13,2,40
par_9,2020-03-14,1,45
par_9,2020-03-15,0,40
par_9,2020-03-16,5,60
par_9,2020-03-17,3,55
par_9,2020-03-18,1,35
par_9,2020-03-19,3,50
par_9,2020-03-21,2,65
par_9,2020-03-22,0,50
par_9,2020-03-23,0,35
par_9,2020-03-24,4,85
par_9,2020-03-25,1,40
par_9,2020-03-26,3,50
par_9,2020-03-27,0,40
par_9,2020-03-28,1,60
par_9,2020-03-29,3,40
par_9,2020-03-30,1,45
par_9,2020-03-31,2,60
par_9,2020-04-01,1,25
par_9,2020-04-02,0,40
par_9,2020-04-03,1,40
par_9,2020-04-04,0,45
par_9,2020-04-06,1,15
par_9,2020-04-07,2,25
par_9,2020-04-08,0,20
par_9,2020-04-09,3,35
par_9,2020-04-10,2,45
par_9,2020-04-12,1,65
par_9,2020-04-13,2,40
par_9,2020-04-14,4,55
par_9,2020-04-15,2,50
par_9,2020-04-16,2,45
par_9,2020-04-18,2,85
par_9,2020-04-19,2,35
par_9,2020-04-20,2,40
par_9,2020-04-21,1,55
par_9,2020-04-22,1,25
par_9,2020-04-23,0,40
par_9,2020-04-24,4,60
par_9,2020-04-25,1,60
par_9,2020-04-26,2,60
par_9,2020-04-27,2,40
par_9,2020-04-28,6,65
par_9,2020-04-29,1,30
par_9,2020-04-30,2,35
par_9,2020-05-01,3,40
par_9,2020-05-03,1,25
par_9,2020-05-04,4,40
par_9,2020-05-05,2,45
par_9,2020-05-06,3,55
par_9,2020-05-07,2,65
par_9,2020-05-08,3,80
par_9,2020-05-09,3,50
par_9,2020-05-10,2,35
par_9,2020-05-11,4,65
par_9,2020-05-12,3,30
par_9,2020-05-13,2,10
par_9,2020-05-14,2,25
par_9,2020-05-15,4,75
par_9,2020-05-16,5,95
par_9,2020-05-17,0,35
par_9,2020-05-18,1,50
par_9,2020-05-19,1,45
par_9,2020-05-20,2,35
par_9,2020-05-21,2,90
par_9,2020-05-22,3,55
par_9,2020-05-23,6,75
par_9,2020-05-24,3,60
par_9,2020-05-25,2,50
par_9,2020-05-26,2,55
par_9,2020-05-27,4,50
par_9,2020-05-29,1,20
par_9,2020-05-30,1,45
par_9,2020-05-31,4,100
par_9,2020-06-01,2,55
par_9,2020-06-02,5,80
par_9,2020-06-04,2,70
par_9,2020-06-05,1,65
par_9,2020-06-06,5,85
par_9,2020-06-07,2,50
par_9,2020-06-08,2,70
par_9,2020-06-09,1,30
par_9,2020-06-10,6,80
par_9,2020-06-11,3,30
par_9,2020-06-12,4,55
par_9,2020-06-13,2,45
par_9,2020-06-14,1,25
par_9,2020-06-15,0,30
par_9,2020-06-16,2,45
par_9,2020-06-17,1,30
par_9,2020-07-15,2,45
par_9,2020-07-16,3,65
par_9,2020-07-17,2,40
par_9,2020-07-18,2,30
par_9,2020-07-19,2,40
par_9,2020-07-20,4,60
par_9,2020-07-21,0,30
par_9,2020-07-22,2,60
par_9,2020-07-24,0,30
par_9,2020-07-25,1,35
par_9,2020-07-26,0,35
par_9,2020-07-27,3,50
par_9,2020-07-28,0,20
par_9,2020-07-29,1,15
par_9,2020-07-30,1,75
par_9,2020-07-31,1,20
par_9,2020-08-01,0,25
par_9,2020-08-02,1,20
par_9,2020-08-03,3,35
par_9,2020-08-05,2,75
par_9,2020-08-06,0,15
par_9,2020-08-07,0,50
par_9,2020-08-08,0,25
par_9,2020-08-10,1,35
par_9,2020-08-11,2,20
par_9,2020-08-12,4,70
par_9,2020-08-13,2,75
par_9,2020-08-14,2,40
par_9,2020-08-15,5,55
par_9,2020-08-16,0,65
par_9,2020-08-17,1,25
par_9,2020-08-18,1,35
par_9,2020-08-19,3,90
par_9,2020-08-20,3,30
par_9,2020-08-21,1,30
par_9,2020-08-22,1,30
par_9,2020-08-23,1,25
par_9,2020-08-25,0,60
par_9,2020-08-26,2,40
par_9,2020-08-27,3,35
par_9,2020-08-28,2,50
par_9,2020-08-29,2,30
par_9,2020-08-30,1,20
par_9,2020-08-31,0,15
par_9,2020-09-01,2,40
par_9,2020-09-02,2,40
par_9,2020-09-04,2,40
par_9,2020-09-05,0,35
par_9,2020-09-06,2,40
par_9,2020-09-07,3,60
par_9,2020-09-08,2,40
par_9,2020-09-09,3,45
par_9,2020-09-10,3,45
par_9,2020-09-11,2,60
par_9,2020-09-12,3,70
par_9,2020-09-13,3,45
par_9,2020-09-14,5,95
par_9,2020-09-15,4,30
par_9,2020-09-16,0,35
par_9,2020-09-17,3,30
par_9,2020-09-18,4,75
par_9,2020-09-19,3,55
par_9,2020-09-20,2,50
par_9,2020-09-21,3,85
par_9,2020-09-23,2,35
par_9,2020-09-24,5,75
par_9,2020-09-25,2,30
par_9,2020-09-26,2,45
par_9,2020-09-28,1,20
par_9,2020-09-29,1,135
par_9,2020-09-30,3,60
par_9,2020-10-01,5,70
par_9,2020-10-03,4,75
par_9,2020-10-04,4,65
par_9,2020-10-05,2,25
par_9,2020-10-06,2,30
par_9,2020-10-07,2,55
par_9,2020-10-08,3,45
par_9,2020-10-09,3,50
par_9,2020-10-10,1,45
par_9,2020-10-11,1,35
par_9,2020-10-13,2,30
par_9,2020-10-14,2,30
par_9,2020-10-15,2,30
par_9,2020-10-16,1,30
par_9,2020-10-19,2,60
par_9,2020-10-20,1,45
par_9,2020-10-21,3,35
par_9,2020-10-22,3,40
par_9,2020-10-23,4,50
par_9,2020-10-24,1,70
par_9,2020-10-25,2,40
par_9,2020-10-26,2,35
par_9,2020-10-28,3,35
par_9,2020-10-29,1,50
par_9,2020-10-30,1,25
par_9,2020-10-31,3,40
par_9,2020-11-01,2,35
par_9,2020-11-02,0,15
par_9,2020-11-03,2,40
par_9,2020-11-04,3,50
par_9,2020-11-06,3,40
par_9,2020-11-07,1,15
par_9,2020-11-08,0,10
par_9,2020-11-09,2,45
par_9,2020-11-10,3,35
par_9,2020-11-11,3,50
par_9,2020-11-12,2,50
par_9,2020-11-13,3,120
par_9,2020-11-14,3,30
par_9,2020-11-15,3,330
par_9,2020-11-16,1,30
par_9,2020-11-17,1,60
par_9,2020-11-18,3,55
par_9,2020-11-19,2,30
par_9,2020-11-20,3,35
par_9,2020-11-21,3,30
par_9,2020-11-22,4,30
par_9,2020-11-23,2,60
par_9,2020-11-24,2,30
par_9,2020-11-25,2,20
par_9,2020-11-26,0,20
par_9,2020-11-27,1,15
par_9,2020-11-28,2,30
par_9,2020-11-30,3,75
par_9,2020-12-01,2,40
par_9,2020-12-02,4,50
par_9,2020-12-03,1,35
par_9,2020-12-05,2,30
par_9,2020-12-06,0,50
par_9,2020-12-07,0,45
par_9,2020-12-08,1,40
par_9,2020-12-09,4,40
par_9,2020-12-10,2,70
par_9,2020-12-11,1,30
par_9,2020-12-12,3,55
par_9,2020-12-14,2,35
par_9,2020-12-15,2,55
par_9,2020-12-16,1,85
par_9,2020-12-17,3,50
par_9,2020-12-19,2,65
par_9,2020-12-20,4,75
par_9,2020-12-21,4,115
par_9,2020-12-22,1,40
par_9,2020-12-23,2,70
par_9,2020-12-24,2,30
par_9,2020-12-25,1,50
par_9,2020-12-26,2,55
par_9,2020-12-27,1,50
par_9,2020-12-28,2,60
par_9,2020-12-30,2,65
par_9,2020-12-31,2,70
par_9,2021-01-01,2,40
par_9,2021-01-02,3,60
par_9,2021-01-03,2,50
par_9,2021-01-04,2,90
par_9,2021-01-05,2,50
par_9,2021-01-07,3,35
par_9,2021-01-08,4,60
par_9,2021-01-09,2,35
par_9,2021-01-10,3,55
par_9,2021-01-12,1,60
par_9,2021-01-13,1,35
par_9,2021-01-14,0,15
par_9,2021-01-15,3,35
par_9,2021-01-16,4,35
par_9,2021-01-18,2,85
par_9,2021-01-19,1,35
par_9,2021-01-20,4,70
par_9,2021-01-21,3,35
par_9,2021-01-22,3,60
par_9,2021-01-23,2,35
par_9,2021-01-24,0,20
par_9,2021-01-25,4,95
par_9,2021-01-26,1,30
par_9,2021-01-27,1,35
par_9,2021-01-28,2,55
par_9,2021-01-29,2,60
par_9,2021-01-31,3,35
par_10,2020-03-14,0,75
par_10,2020-03-15,2,115
par_10,2020-03-16,2,65
par_10,2020-03-17,0,115
par_10,2020-03-18,1,45
par_10,2020-03-19,0,30
par_10,2020-03-20,1,60
par_10,2020-03-21,2,110
par_10,2020-03-22,0,40
par_10,2020-03-23,2,70
par_10,2020-03-24,2,120
par_10,2020-03-26,1,110
par_10,2020-03-27,0,25
par_10,2020-03-28,4,100
par_10,2020-03-29,1,60
par_10,2020-03-30,2,70
par_10,2020-03-31,0,70
par_10,2020-04-01,0,70
par_10,2020-04-02,1,50
par_10,2020-04-03,0,30
par_10,2020-04-04,0,35
par_10,2020-04-05,0,80
par_10,2020-04-07,1,50
par_10,2020-04-08,1,120
par_10,2020-04-09,1,55
par_10,2020-04-11,2,25
par_10,2020-04-13,0,55
par_10,2020-04-14,0,60
par_10,2020-04-15,0,55
par_10,2020-04-17,2,55
par_10,2020-04-18,2,100
par_10,2020-04-19,2,110
par_10,2020-04-20,1,35
par_10,2020-04-22,2,130
par_10,2020-04-23,0,60
par_10,2020-04-24,1,60
par_10,2020-04-25,0,40
par_10,2020-04-26,2,185
par_10,2020-04-27,2,60
par_10,2020-04-28,1,95
par_10,2020-05-01,0,70
par_10,2020-05-02,1,45
par_10,2020-05-03,3,150
par_10,2020-05-04,0,65
par_10,2020-05-05,0,60
par_10,2020-05-07,2,80
par_10,2020-05-08,1,95
par_10,2020-05-09,1,110
par_10,2020-05-10,1,160
par_10,2020-05-15,2,160
par_10,2020-05-16,0,85
par_10,2020-05-17,1,405
par_10,2020-05-18,2,45
par_10,2020-05-19,1,50
par_10,2020-05-21,1,90
par_10,2020-05-23,1,110
par_10,2020-05-24,2,135
par_10,2020-05-25,1,90
par_10,2020-05-27,2,25
par_10,2020-05-29,0,60
par_10,2020-05-30,0,85
par_10,2020-05-31,1,70
par_10,2020-06-01,0,40
par_10,2020-06-02,1,60
par_10,2020-06-03,1,65
par_10,2020-06-04,2,85
par_10,2020-06-05,1,50
par_10,2020-06-06,1,25
par_10,2020-06-09,0,120
par_10,2020-06-10,1,70
par_10,2020-06-11,2,145
par_10,2020-06-12,2,115
par_10,2020-06-13,0,60
par_10,2020-06-14,1,35
par_10,2020-06-21,0,50
par_10,2020-06-22,0,40
par_10,2020-06-23,1,45
par_10,2020-06-24,0,30
par_10,2020-06-25,0,40
par_10,2020-06-27,0,75
par_10,2020-06-28,1,120
par_10,2020-06-29,2,65
par_10,2020-06-30,2,65
par_10,2020-07-01,1,45
par_10,2020-07-02,0,25
par_10,2020-07-03,3,125
par_10,2020-07-04,3,110
par_10,2020-07-05,2,115
par_10,2020-07-06,1,75
par_10,2020-07-07,1,45
par_10,2020-07-09,0,45
par_10,2020-07-10,0,30
par_10,2020-07-11,4,140
par_10,2020-07-12,0,75
par_10,2020-07-13,4,85
par_10,2020-07-16,0,25
par_10,2020-07-17,2,35
par_10,2020-07-18,0,115
par_10,2020-07-19,0,35
par_10,2020-07-20,1,70
par_10,2020-07-21,0,40
par_10,2020-07-22,2,45
par_10,2020-07-23,0,25
par_10,2020-07-24,0,75
par_10,2020-07-25,2,50
par_10,2020-07-26,2,155
par_10,2020-07-27,1,45
par_10,2020-07-28,0,25
par_10,2020-07-29,0,35
par_10,2020-07-30,0,35
par_10,2020-07-31,1,40
par_10,2020-08-01,0,95
par_10,2020-08-02,0,35
par_10,2020-08-04,2,190
par_10,2020-08-24,0,35
par_10,2020-08-25,0,40
par_10,2020-08-26,0,50
par_10,2020-08-27,0,60
par_10,2020-08-28,0,55
par_10,2020-09-11,1,25
par_10,2020-09-12,0,60
par_10,2020-09-13,1,45
par_10,2020-09-14,1,70
par_10,2020-09-23,1,55
par_10,2020-09-24,1,75
par_10,2020-09-25,1,30
par_10,2020-09-26,0,15
par_10,2020-09-27,2,30
par_10,2020-09-29,1,20
par_10,2020-09-30,2,60
par_10,2020-10-01,0,15
par_10,2020-10-02,1,35
par_10,2020-10-03,1,30
par_10,2020-10-04,2,10
par_10,2020-10-06,1,20
par_10,2020-10-07,2,35
par_10,2020-10-14,1,50
par_10,2020-10-15,1,35
par_10,2020-10-16,0,50
par_10,2020-10-17,2,20
par_10,2020-10-18,2,70
par_10,2020-10-19,1,10
par_10,2020-10-20,0,15
par_10,2020-10-21,1,35
par_10,2020-10-22,0,50
par_10,2020-10-23,1,55
par_10,2020-10-24,1,20
par_10,2020-10-25,1,15
par_10,2020-10-26,0,20
par_10,2020-10-27,1,10
par_10,2020-10-28,0,15
par_10,2020-10-29,2,50
par_10,2020-10-30,2,30
par_10,2020-10-31,2,40
par_11,2020-07-25,4,110
par_11,2020-07-26,5,65
par_11,2020-07-27,6,85
par_11,2020-07-28,9,150
par_11,2020-07-29,5,120
par_11,2020-07-30,3,65
par_11,2020-07-31,4,90
par_11,2020-08-01,4,100
par_11,2020-08-02,8,105
par_11,2020-08-03,6,130
par_11,2020-08-04,8,70
par_11,2020-08-05,3,90
par_11,2020-08-06,5,90
par_11,2020-08-07,6,125
par_11,2020-08-08,2,145
par_11,2020-08-09,6,135
par_11,2020-08-10,9,145
par_11,2020-08-11,5,110
par_11,2020-08-12,4,55
par_11,2020-08-13,6,95
par_11,2020-08-14,2,155
par_11,2020-08-15,4,105
par_11,2020-08-16,8,75
par_11,2020-08-17,4,60
par_11,2020-08-18,6,125
par_11,2020-08-19,6,120
par_11,2020-08-20,9,90
par_11,2020-08-21,2,90
par_11,2020-08-22,2,95
par_11,2020-08-23,4,160
par_11,2020-08-24,4,110
par_11,2020-08-25,3,110
par_11,2020-08-26,1,40
par_11,2020-08-28,6,145
par_11,2020-08-29,4,75
par_11,2020-08-30,4,140
par_11,2020-08-31,3,55
par_11,2020-09-02,5,120
par_11,2020-09-03,3,85
par_11,2020-09-05,0,65
par_11,2020-09-06,4,65
par_11,2020-09-07,1,55
par_11,2020-09-08,6,100
par_11,2020-09-09,0,80
par_11,2020-09-10,5,90
par_11,2020-09-11,2,85
par_11,2020-09-12,7,115
par_11,2020-09-13,0,30
par_11,2020-09-14,4,95
par_11,2020-09-15,4,80
par_11,2020-09-16,4,70
par_11,2020-09-17,5,65
par_11,2020-09-18,4,85
par_11,2020-09-20,5,70
par_11,2020-09-21,4,115
par_11,2020-09-22,5,75
par_11,2020-09-23,5,130
par_11,2020-09-24,1,55
par_11,2020-09-25,6,75
par_11,2020-09-26,2,120
par_11,2020-09-27,4,65
par_11,2020-09-28,7,130
par_11,2020-09-29,5,85
par_11,2020-09-30,2,40
par_11,2020-10-03,1,80
par_11,2020-10-04,4,65
par_11,2020-10-05,4,70
par_11,2020-10-06,1,25
par_11,2020-10-07,4,90
par_11,2020-10-08,3,85
par_11,2020-10-09,3,65
par_11,2020-10-11,2,60
par_11,2020-10-12,4,80
par_11,2020-10-13,1,150
par_11,2020-10-14,2,70
par_11,2020-10-15,2,60
par_11,2020-10-16,2,70
par_11,2020-10-17,1,80
par_11,2020-10-18,2,45
par_11,2020-10-20,4,45
par_11,2020-10-21,2,70
par_11,2020-10-22,3,130
par_11,2020-10-23,6,160
par_11,2020-10-24,2,115
par_11,2020-10-25,4,95
par_11,2020-10-26,5,85
par_11,2020-10-27,3,105
par_11,2020-10-28,3,115
par_11,2020-10-29,2,40
par_11,2020-10-30,1,60
par_11,2020-10-31,0,25
par_11,2020-11-01,1,30
par_11,2020-11-02,3,80
par_11,2020-11-03,4,80
par_11,2020-11-04,3,70
par_11,2020-11-05,3,65
par_11,2020-11-06,4,110
par_11,2020-11-07,2,60
par_11,2020-11-08,4,65
par_11,2020-11-09,1,75
par_11,2020-11-10,3,90
par_11,2020-11-11,4,80
par_11,2020-11-12,3,95
par_11,2020-11-13,0,95
par_11,2020-11-14,3,70
par_11,2020-11-15,3,60
par_11,2020-11-16,4,50
par_11,2020-11-17,6,70
par_11,2020-11-18,1,100
par_11,2020-11-19,4,90
par_11,2020-11-20,3,130
par_11,2020-11-21,2,30
par_11,2020-11-22,1,35
par_11,2020-11-23,4,50
par_11,2020-11-25,1,80
par_11,2020-11-26,1,25
par_11,2020-11-27,4,75
par_11,2020-11-28,2,60
par_11,2020-11-29,3,35
par_11,2020-11-30,4,60
par_11,2020-12-01,5,85
par_11,2020-12-02,2,60
par_11,2020-12-03,5,95
par_11,2020-12-04,3,50
par_11,2020-12-05,3,120
par_11,2020-12-06,3,50
par_11,2020-12-07,5,70
par_11,2020-12-08,2,90
par_11,2020-12-09,3,75
par_11,2020-12-11,4,95
par_11,2020-12-12,6,65
par_11,2020-12-13,3,105
par_11,2020-12-14,6,135
par_11,2020-12-15,6,75
par_11,2020-12-16,1,50
par_11,2020-12-17,3,140
par_11,2020-12-18,4,50
par_11,2020-12-19,2,40
par_11,2020-12-21,4,110
par_11,2020-12-22,5,80
par_11,2020-12-23,1,50
par_11,2020-12-24,1,95
par_11,2020-12-25,5,100
par_11,2020-12-26,4,45
par_11,2020-12-27,6,95
par_11,2021-01-27,5,105
par_11,2021-01-28,1,80
par_11,2021-01-29,2,60
par_11,2021-01-30,5,70
par_11,2021-01-31,4,35
par_12,2020-08-06,2,40
par_12,2020-08-07,3,60
par_12,2020-08-08,3,35
par_12,2020-08-09,3,75
par_12,2020-08-10,0,35
par_12,2020-08-11,1,25
par_12,2020-08-12,3,45
par_12,2020-08-14,2,30
par_12,2020-08-15,4,105
par_12,2020-08-16,1,55
par_12,2020-08-17,4,60
par_12,2020-08-18,4,70
par_12,2020-08-19,3,50
par_12,2020-08-20,1,35
par_12,2020-08-21,2,55
par_12,2020-08-22,2,45
par_12,2020-08-23,1,50
par_12,2020-08-24,3,45
par_12,2020-08-25,4,40
par_12,2020-08-26,2,65
par_12,2020-08-27,2,35
par_12,2020-08-30,1,15
par_12,2020-08-31,3,65
par_12,2020-09-01,2,55
par_12,2020-09-02,2,60
par_12,2020-09-03,3,40
par_12,2020-09-04,3,50
par_12,2020-09-05,3,85
par_12,2020-09-06,2,20
par_12,2020-09-07,3,70
par_12,2020-09-08,2,40
par_12,2020-09-09,3,70
par_12,2020-09-10,3,45
par_12,2020-09-11,3,30
par_12,2020-09-12,5,60
par_12,2020-09-13,2,35
par_12,2020-09-14,1,30
par_12,2020-09-15,4,60
par_12,2020-09-17,2,30
par_12,2020-09-18,5,75
par_12,2020-09-19,0,25
par_12,2020-09-20,4,55
par_12,2020-09-21,1,30
par_12,2020-09-22,6,90
par_12,2020-09-23,5,120
par_12,2020-09-25,3,65
par_12,2020-09-27,2,45
par_12,2020-09-29,1,30
par_12,2020-09-30,0,10
par_12,2020-10-01,3,50
par_12,2020-10-03,1,45
par_12,2020-10-05,1,30
par_12,2020-10-06,1,10
par_12,2020-10-07,0,25
par_12,2020-10-09,3,50
par_12,2020-10-11,2,35
par_12,2020-10-12,1,30
par_12,2020-10-13,1,25
par_12,2020-10-14,4,45
par_12,2020-10-15,1,25
par_12,2020-10-17,2,20
par_12,2020-10-18,2,45
par_12,2020-10-19,2,35
par_12,2020-10-22,2,35
par_12,2020-10-23,2,55
par_12,2020-10-24,2,75
par_12,2020-10-25,4,65
par_12,2020-10-26,2,45
par_12,2020-10-27,2,40
par_12,2020-10-28,2,40
par_12,2020-10-29,1,45
par_12,2020-10-30,1,15
par_12,2020-10-31,3,60
par_12,2020-11-01,0,50
par_12,2020-11-02,0,65
par_12,2020-11-03,2,15
par_12,2020-11-04,2,35
par_12,2020-11-05,4,65
par_12,2020-11-06,1,25
par_12,2020-11-07,3,105
par_12,2020-11-08,1,120
par_12,2020-11-09,4,65
par_12,2020-11-11,5,70
par_12,2020-11-13,2,20
par_12,2020-11-14,3,55
par_12,2020-11-15,1,45
par_12,2020-11-16,4,75
par_12,2020-11-17,1,35
par_12,2020-11-18,2,30
par_12,2020-11-19,0,10
par_12,2020-11-20,4,75
par_12,2020-11-21,2,25
par_12,2020-11-22,1,25
par_12,2020-11-23,5,50
par_12,2020-11-24,2,60
par_12,2020-11-25,1,25
par_12,2020-11-26,0,15
par_12,2020-11-27,2,30
par_12,2020-11-28,0,15
par_12,2020-11-29,2,55
par_12,2020-11-30,1,15
par_12,2020-12-01,1,20
par_12,2020-12-02,2,10
par_12,2020-12-03,2,25
par_12,2020-12-04,0,15
par_12,2020-12-05,1,40
par_12,2020-12-06,4,85
par_12,2020-12-07,1,50
par_12,2020-12-08,2,50
par_12,2020-12-09,1,25
par_12,2020-12-11,1,15
par_12,2020-12-13,3,85
par_12,2020-12-16,2,40
par_12,2020-12-17,1,25
par_12,2020-12-18,5,40
par_12,2020-12-20,3,25
par_12,2020-12-21,2,30
par_12,2020-12-23,3,45
par_12,2020-12-24,1,30
par_12,2020-12-25,2,20
par_12,2020-12-26,0,30
par_12,2020-12-27,4,45
par_12,2020-12-28,6,55
par_12,2020-12-29,3,55
par_12,2020-12-30,2,35
par_12,2020-12-31,3,35
par_12,2021-01-01,2,30
par_12,2021-01-02,5,100
par_12,2021-01-03,2,40
par_12,2021-01-04,2,35
par_12,2021-01-05,2,50
par_12,2021-01-06,2,25
par_12,2021-01-07,1,35
par_12,2021-01-08,2,25
par_12,2021-01-09,3,105
par_12,2021-01-10,2,20
par_12,2021-01-11,1,20
par_12,2021-01-12,3,135
par_12,2021-01-13,2,65
par_12,2021-01-14,1,15
par_12,2021-01-15,2,225
par_12,2021-01-16,3,55
par_12,2021-01-17,1,50
par_12,2021-01-18,1,35
par_12,2021-01-19,1,45
par_12,2021-01-20,1,15
par_12,2021-01-21,2,30
par_12,2021-01-22,1,35
par_12,2021-01-23,3,105
par_12,2021-01-24,1,40
par_12,2021-01-25,1,25
par_12,2021-01-26,3,70
par_12,2021-01-27,2,45
par_12,2021-01-28,2,35
par_12,2021-01-29,0,35
par_12,2021-01-30,4,50
par_13,2020-07-22,3,50
par_13,2020-07-23,1,30
par_13,2020-07-24,3,45
par_13,2020-07-25,4,40
par_13,2020-07-26,1,35
par_13,2020-07-27,2,20
par_13,2020-07-28,3,60
par_13,2020-07-29,2,20
par_13,2020-07-30,1,15
par_13,2020-07-31,6,85
par_13,2020-08-01,5,90
par_13,2020-08-02,3,75
par_13,2020-08-03,3,40
par_13,2020-08-04,4,35
par_13,2020-08-05,7,155
par_13,2020-08-06,1,25
par_13,2020-08-07,3,25
par_13,2020-08-08,3,55
par_13,2020-08-09,7,110
par_13,2020-08-10,5,125
par_13,2020-08-11,3,55
par_13,2020-08-12,3,85
par_13,2020-08-13,2,25
par_13,2020-08-14,2,95
par_13,2020-08-15,3,100
par_13,2020-08-16,4,95
par_13,2020-08-17,5,60
par_13,2020-08-18,3,30
par_13,2020-08-19,9,85
par_13,2020-08-20,3,40
par_13,2020-08-21,3,20
par_13,2020-08-22,5,90
par_13,2020-08-23,1,15
par_13,2020-08-24,10,100
par_13,2020-08-25,4,50
par_13,2020-08-26,3,40
par_13,2020-08-27,6,45
par_13,2020-08-28,2,55
par_13,2020-08-29,2,20
par_13,2020-08-30,1,20
par_13,2020-08-31,1,95
par_13,2020-09-01,1,70
par_13,2020-09-02,4,95
par_13,2020-09-03,3,40
par_13,2020-09-04,4,105
par_13,2020-09-05,0,35
par_13,2020-09-06,0,25
par_13,2020-09-07,3,55
par_13,2020-09-08,6,120
par_13,2020-09-09,4,70
par_13,2020-09-10,0,25
par_13,2020-09-11,3,35
par_13,2020-09-12,3,35
par_13,2020-09-13,7,135
par_13,2020-09-14,3,60
par_13,2020-09-15,4,45
par_13,2020-09-17,2,25
par_13,2020-09-18,1,45
par_13,2020-09-19,5,190
par_13,2020-09-20,0,25
par_13,2020-09-21,3,35
par_13,2020-09-22,3,115
par_13,2020-09-23,5,45
par_13,2020-09-24,1,30
par_13,2020-09-25,0,35
par_13,2020-09-26,2,50
par_13,2020-09-27,3,65
par_13,2020-09-28,8,140
par_13,2020-09-29,1,35
par_13,2020-09-30,2,60
par_13,2020-10-02,2,75
par_13,2020-10-03,1,45
par_13,2020-10-04,1,20
par_13,2020-10-05,3,25
par_13,2020-10-06,4,55
par_13,2020-10-07,1,20
par_13,2020-10-08,2,30
par_13,2020-10-09,1,25
par_13,2020-10-10,2,60
par_13,2020-10-11,1,40
par_13,2020-10-12,2,40
par_13,2020-10-13,2,25
par_13,2020-10-15,2,45
par_13,2020-10-16,1,30
par_13,2020-10-17,1,25
par_13,2020-10-18,2,40
par_13,2020-10-19,5,45
par_13,2020-10-20,3,35
par_13,2020-10-21,2,30
par_13,2020-10-22,3,25
par_13,2020-10-23,1,20
par_13,2020-10-24,1,35
par_13,2020-10-25,13,195
par_13,2020-10-26,2,35
par_13,2020-10-27,1,10
par_13,2020-10-28,0,35
par_13,2020-10-29,1,20
par_13,2020-10-30,4,50
par_13,2020-10-31,4,35
par_13,2020-11-01,4,50
par_13,2020-11-02,2,60
par_13,2020-11-03,2,45
par_13,2020-11-05,2,35
par_13,2020-11-06,0,25
par_13,2020-11-07,3,30
par_13,2020-11-08,5,70
par_13,2020-11-09,1,25
par_13,2020-11-10,4,35
par_13,2020-11-11,1,10
par_13,2020-11-12,1,30
par_13,2020-11-13,1,30
par_13,2020-11-14,1,20
par_13,2020-11-15,3,55
par_13,2020-11-16,2,50
par_13,2020-11-17,3,35
par_13,2020-11-18,4,45
par_13,2020-11-19,2,25
par_13,2020-11-20,3,50
par_13,2020-11-21,4,40
par_13,2020-11-22,3,45
par_13,2020-11-23,5,70
par_13,2020-11-25,1,15
par_13,2020-11-26,1,35
par_13,2020-11-27,3,45
par_13,2020-11-28,3,90
par_13,2020-11-29,2,50
par_13,2020-11-30,4,110
par_13,2020-12-01,3,25
par_13,2020-12-05,4,55
par_13,2020-12-06,2,30
par_13,2020-12-07,2,20
par_13,2020-12-08,1,30
par_13,2020-12-09,2,30
par_13,2020-12-10,4,45
par_13,2020-12-11,1,30
par_13,2020-12-13,3,30
par_13,2020-12-14,2,25
par_13,2020-12-15,1,20
par_13,2020-12-16,1,15
par_13,2020-12-17,3,145
par_13,2020-12-18,4,35
par_13,2020-12-19,3,40
par_13,2020-12-20,1,25
par_13,2020-12-21,5,65
par_13,2020-12-22,1,40
par_13,2020-12-23,4,135
par_13,2020-12-24,3,40
par_13,2020-12-25,2,15
par_13,2020-12-26,3,25
par_13,2020-12-27,1,20
par_13,2020-12-28,1,20
par_13,2020-12-29,1,15
par_13,2020-12-30,0,15
par_13,2020-12-31,1,30
par_13,2021-01-01,1,25
par_13,2021-01-02,0,10
par_13,2021-01-05,1,25
par_13,2021-01-06,2,95
par_13,2021-01-08,3,25
par_13,2021-01-09,2,45
par_13,2021-01-10,2,30
par_13,2021-01-11,2,35
par_13,2021-01-12,0,15
par_13,2021-01-13,2,15
par_13,2021-01-14,1,20
par_13,2021-01-15,2,30
par_13,2021-01-16,4,305
par_13,2021-01-17,4,30
par_13,2021-01-19,1,20
par_13,2021-01-20,3,40
par_13,2021-01-21,2,15
par_13,2021-01-22,1,20
par_13,2021-01-24,3,45
par_13,2021-01-25,2,25
par_13,2021-01-26,3,40
par_13,2021-01-29,4,65
par_13,2021-01-30,1,35
par_13,2021-01-31,2,35
par_14,2020-02-26,1,15
par_14,2020-02-27,3,70
par_14,2020-02-28,2,45
par_14,2020-02-29,3,15
par_15,2020-07-16,1,40
par_15,2020-07-17,3,25
par_15,2020-07-18,3,80
par_15,2020-07-19,1,20
par_15,2020-07-20,0,20
par_15,2020-07-21,0,25
par_15,2020-07-22,2,35
par_15,2020-07-23,3,40
par_15,2020-07-24,2,40
par_15,2020-07-25,2,65
par_15,2020-07-26,2,40
par_15,2020-07-27,1,45
par_15,2020-07-28,1,15
par_15,2020-07-29,1,30
par_15,2020-07-30,0,15
par_15,2020-07-31,4,70
par_15,2020-08-01,1,20
par_15,2020-08-02,1,25
par_15,2020-08-03,3,180
par_15,2020-08-04,2,30
par_15,2020-08-05,3,80
par_15,2020-08-06,1,35
par_15,2020-08-07,2,35
par_15,2020-08-08,2,40
par_15,2020-08-09,1,40
par_15,2020-08-10,1,55
par_15,2020-08-12,1,25
par_15,2020-08-13,2,35
par_15,2020-08-14,1,10
par_15,2020-08-16,1,15
par_15,2020-08-17,1,30
par_15,2020-08-18,2,45
par_15,2020-08-19,1,20
par_15,2020-08-20,1,35
par_15,2020-08-22,2,30
par_15,2020-08-23,2,20
par_15,2020-08-24,3,20
par_15,2020-08-25,1,80
par_15,2020-08-26,2,20
par_15,2020-08-31,1,60
par_15,2020-09-01,1,60
par_15,2020-09-02,7,115
par_15,2020-09-03,3,65
par_15,2020-09-04,1,30
par_15,2020-09-06,5,95
par_15,2020-09-12,1,25
par_15,2020-09-13,8,90
par_15,2020-09-14,3,55
par_15,2020-09-27,1,65
par_15,2020-09-28,0,20
par_15,2020-09-30,3,40
par_15,2020-10-01,2,40
par_15,2020-10-02,1,35
par_15,2020-10-03,1,10
par_15,2020-10-05,2,265
par_16,2020-09-13,1,130
par_16,2020-09-14,2,20
par_16,2020-09-15,2,45
par_16,2020-09-16,1,15
par_16,2020-09-17,1,30
par_16,2020-09-18,0,15
par_16,2020-09-19,2,65
par_16,2020-09-20,3,25
par_16,2020-09-21,0,15
par_16,2020-09-22,3,45
par_16,2020-09-23,2,20
par_16,2020-09-24,2,60
par_16,2020-09-26,3,65
par_16,2020-09-27,4,35
par_16,2020-09-28,3,30
par_16,2020-09-29,11,110
par_16,2020-09-30,5,55
par_16,2020-10-01,3,35
par_16,2020-10-02,2,45
par_16,2020-10-03,2,30
par_16,2020-10-05,1,25
par_16,2020-10-06,1,15
par_16,2020-10-07,1,30
par_16,2020-10-09,1,15
par_16,2020-10-12,5,30
par_16,2020-10-13,2,55
par_16,2020-10-16,0,20
par_16,2020-10-17,2,50
par_16,2020-10-19,8,120
par_16,2020-10-20,2,15
par_16,2020-10-21,2,20
par_16,2020-10-22,2,30
par_16,2020-10-23,5,45
par_16,2020-10-24,3,45
par_16,2020-10-25,3,25
par_16,2020-10-26,1,15
par_16,2020-10-28,1,15
par_16,2020-10-29,2,30
par_16,2020-10-30,4,70
par_16,2020-10-31,2,55
par_16,2020-11-01,4,120
par_16,2020-11-04,5,50
par_16,2020-11-05,4,45
par_16,2020-11-06,1,25
par_16,2020-11-08,1,35
par_16,2020-11-09,7,60
par_16,2020-11-11,7,50
par_16,2020-11-12,2,40
par_16,2020-11-13,6,50
par_16,2020-11-14,5,50
par_16,2020-11-15,3,30
par_16,2020-11-16,9,120
par_16,2020-11-19,6,70
par_16,2020-11-20,0,20
par_16,2020-11-23,2,25
par_16,2020-11-24,8,75
par_16,2020-11-28,4,30
par_16,2020-11-30,2,25
par_16,2020-12-01,3,50
par_16,2020-12-02,3,25
par_16,2020-12-05,2,20
par_16,2020-12-06,2,25
par_16,2020-12-09,5,125
par_16,2020-12-12,2,20
par_16,2020-12-13,3,30
par_16,2020-12-14,4,35
par_16,2020-12-15,3,40
par_16,2020-12-16,2,25
par_16,2020-12-18,2,25
par_17,2020-01-29,1,40
par_17,2020-01-30,0,30
par_17,2020-01-31,1,50
par_17,2020-02-01,2,45
par_17,2020-02-02,2,50
par_17,2020-02-03,2,40
par_17,2020-02-04,1,30
par_17,2020-02-05,0,20
par_17,2020-02-06,0,20
par_17,2020-02-07,1,5
par_17,2020-02-08,3,30
par_17,2020-02-09,1,35
par_17,2020-02-10,4,65
par_17,2020-02-11,0,25
par_17,2020-02-12,0,35
par_17,2020-02-13,0,15
par_17,2020-02-14,0,10
par_17,2020-02-15,1,20
par_17,2020-02-16,0,20
par_17,2020-02-17,1,35
par_17,2020-02-18,1,30
par_17,2020-02-19,1,25
par_17,2020-02-20,1,25
par_17,2020-02-21,2,40
par_17,2020-02-22,2,60
par_17,2020-02-23,0,25
par_17,2020-02-24,2,25
par_17,2020-02-25,1,20
par_17,2020-02-26,1,40
par_17,2020-02-27,0,30
par_17,2020-02-28,1,15
par_17,2020-02-29,0,15
par_17,2020-03-01,0,10
par_17,2020-03-02,2,55
par_17,2020-03-03,1,10
par_17,2020-03-04,0,40
par_17,2020-03-05,2,45
par_17,2020-03-06,3,135
par_17,2020-03-07,2,40
par_17,2020-03-08,3,50
par_17,2020-03-09,1,10
par_17,2020-03-10,4,50
par_17,2020-03-11,0,30
par_17,2020-03-12,3,40
par_17,2020-03-14,3,45
par_17,2020-03-15,1,30
par_17,2020-03-16,0,20
par_17,2020-03-17,0,20
par_17,2020-03-18,1,35
par_17,2020-03-19,1,35
par_17,2020-03-20,0,35
par_17,2020-03-21,0,15
par_17,2020-03-22,1,25
par_17,2020-03-23,0,20
par_17,2020-03-24,0,15
par_17,2020-03-25,2,40
par_17,2020-03-26,0,30
par_17,2020-03-27,0,30
par_17,2020-03-28,0,35
par_17,2020-03-29,1,35
par_17,2020-03-30,0,30
par_17,2020-03-31,1,20
par_17,2020-04-01,0,40
par_17,2020-04-02,1,30
par_17,2020-04-03,0,20
par_17,2020-04-04,2,70
par_17,2020-04-05,1,30
par_17,2020-04-06,1,40
par_17,2020-04-07,1,30
par_17,2020-04-08,1,35
par_17,2020-04-09,0,35
par_17,2020-04-10,0,60
par_17,2020-04-11,0,25
par_17,2020-04-12,0,45
par_17,2020-04-13,0,30
par_17,2020-04-14,1,30
par_17,2020-04-15,0,45
par_17,2020-04-16,0,35
par_17,2020-04-17,0,25
par_17,2020-04-18,2,30
par_17,2020-04-19,4,60
par_17,2020-04-20,0,40
par_17,2020-04-22,1,25
par_17,2020-04-23,1,65
par_17,2020-04-24,1,75
par_17,2020-04-25,0,40
par_17,2020-04-26,1,25
par_17,2020-04-27,1,25
par_17,2020-04-28,0,40
par_17,2020-04-29,0,50
par_17,2020-04-30,0,45
par_17,2020-05-01,2,30
par_17,2020-05-02,1,45
par_17,2020-05-03,0,30
par_17,2020-05-04,3,40
par_17,2020-05-05,0,25
par_17,2020-05-06,2,30
par_17,2020-05-07,1,35
par_17,2020-05-08,1,40
par_17,2020-05-09,2,25
par_17,2020-05-10,0,15
par_17,2020-05-11,0,50
par_17,2020-05-12,0,30
par_17,2020-05-13,0,35
par_17,2020-05-14,1,30
par_17,2020-05-15,0,30
par_17,2020-05-16,1,40
par_17,2020-05-17,1,40
par_17,2020-05-18,1,20
par_17,2020-05-19,1,45
par_17,2020-05-20,1,50
par_17,2020-05-21,0,25
par_17,2020-05-22,0,25
par_17,2020-05-23,0,35
par_17,2020-05-24,0,45
par_17,2020-05-25,1,45
par_17,2020-05-26,1,45
par_17,2020-05-27,0,65
par_17,2020-05-28,0,30
par_17,2020-05-29,0,30
par_17,2020-05-30,0,35
par_17,2020-05-31,1,60
par_17,2020-06-01,1,45
par_17,2020-06-02,1,20
par_17,2020-06-03,2,35
par_17,2020-06-04,1,20
par_17,2020-06-06,0,15
par_17,2020-06-07,1,50
par_17,2020-06-08,0,25
par_17,2020-06-10,1,30
par_17,2020-06-11,0,15
par_17,2020-06-12,3,35
par_17,2020-06-13,1,25
par_17,2020-06-14,0,55
par_17,2020-06-15,0,40
par_17,2020-06-16,2,55
par_17,2020-06-17,0,25
par_17,2020-06-18,0,70
par_17,2020-06-20,1,40
par_17,2020-06-21,0,40
par_17,2020-06-22,0,15
par_17,2020-06-23,0,190
par_17,2020-06-24,0,15
par_17,2020-06-25,1,25
par_17,2020-06-26,1,55
par_17,2020-06-27,1,40
par_17,2020-06-28,1,35
par_17,2020-06-29,1,40
par_17,2020-07-01,0,70
par_17,2020-07-02,0,40
par_17,2020-07-03,0,20
par_17,2020-07-04,2,35
par_17,2020-07-05,1,90
par_17,2020-07-06,2,35
par_17,2020-07-07,1,40
par_17,2020-07-08,0,30
par_17,2020-07-09,1,45
par_17,2020-07-10,0,20
par_17,2020-07-11,1,30
par_17,2020-07-12,0,35
par_17,2020-07-13,1,60
par_17,2020-07-14,1,30
par_17,2020-07-15,0,10
par_17,2020-07-16,1,45
par_17,2020-07-17,3,45
par_17,2020-07-18,0,40
par_17,2020-07-20,0,30
par_17,2020-07-21,1,45
par_17,2020-07-22,3,35
par_17,2020-07-23,0,45
par_17,2020-07-24,0,25
par_17,2020-07-25,1,40
par_17,2020-07-26,1,15
par_17,2020-07-27,2,25
par_17,2020-07-28,1,30
par_17,2020-07-29,0,30
par_17,2020-07-30,0,15
par_17,2020-07-31,0,15
par_17,2020-08-01,0,30
par_17,2020-08-02,2,25
par_17,2020-08-04,0,25
par_17,2020-08-05,1,45
par_17,2020-08-06,2,40
par_17,2020-08-07,0,35
par_17,2020-08-08,0,30
par_17,2020-08-09,3,65
par_17,2020-08-10,0,40
par_17,2020-08-11,1,35
par_17,2020-08-12,0,35
par_17,2020-08-13,1,25
par_17,2020-08-14,1,20
par_17,2020-08-15,0,20
par_17,2020-08-16,2,30
par_17,2020-08-17,1,20
par_17,2020-08-18,2,20
par_17,2020-08-19,1,75
par_17,2020-08-20,1,55
par_17,2020-08-21,0,75
par_17,2020-08-22,1,20
par_17,2020-08-23,3,40
par_17,2020-08-24,2,70
par_17,2020-08-25,0,15
par_17,2020-08-26,1,25
par_17,2020-08-27,1,15
par_17,2020-08-28,0,25
par_17,2020-08-29,1,25
par_17,2020-08-30,1,30
par_17,2020-08-31,0,15
par_17,2020-09-01,1,25
par_17,2020-09-02,2,35
par_17,2020-09-03,2,55
par_17,2020-09-04,0,15
par_17,2020-09-05,1,35
par_17,2020-09-06,1,20
par_17,2020-09-07,4,40
par_17,2020-09-08,0,20
par_17,2020-09-09,0,35
par_17,2020-09-10,0,35
par_17,2020-09-11,1,40
par_17,2020-09-12,1,40
par_17,2020-09-14,1,15
par_17,2020-09-15,1,45
par_17,2020-09-16,0,25
par_17,2020-09-17,1,30
par_17,2020-09-18,0,40
par_17,2020-09-19,2,35
par_17,2020-09-21,0,30
par_17,2020-09-22,0,75
par_17,2020-09-24,0,40
par_17,2020-09-25,0,15
par_17,2020-09-26,0,25
par_17,2020-09-27,0,30
par_17,2020-09-28,0,40
par_17,2020-09-29,1,35
par_17,2020-09-30,0,40
par_17,2020-10-01,4,50
par_17,2020-10-02,0,30
par_17,2020-10-03,1,20
par_17,2020-10-04,2,50
par_17,2020-10-05,3,35
par_17,2020-10-07,0,35
par_17,2020-10-08,1,25
par_17,2020-10-09,0,50
par_17,2020-10-10,0,30
par_17,2020-10-11,1,45
par_17,2020-10-12,1,35
par_17,2020-10-13,1,35
par_17,2020-10-14,0,30
par_17,2020-10-15,1,165
par_17,2020-10-16,1,40
par_17,2020-10-17,0,10
par_17,2020-10-18,0,55
par_17,2020-10-20,1,20
par_17,2020-10-21,2,30
par_17,2020-10-22,0,15
par_17,2020-10-23,0,25
par_17,2020-10-24,0,25
par_17,2020-10-25,1,25
par_17,2020-10-26,0,35
par_17,2020-10-27,0,20
par_17,2020-10-28,0,45
par_17,2020-10-29,1,65
par_17,2020-10-30,1,50
par_17,2020-10-31,0,20
par_17,2020-11-01,0,25
par_17,2020-11-02,2,30
par_17,2020-11-03,1,60
par_17,2020-11-04,1,45
par_17,2020-11-05,1,30
par_17,2020-11-06,1,35
par_17,2020-11-07,1,25
par_17,2020-11-08,1,35
par_17,2020-11-09,1,25
par_17,2020-11-10,1,65
par_17,2020-11-11,1,20
par_17,2020-11-12,0,10
par_17,2020-11-13,1,20
par_17,2020-11-14,2,200
par_17,2020-11-15,0,40
par_17,2020-11-16,1,40
par_17,2020-11-17,0,25
par_17,2020-11-18,0,55
par_17,2020-11-19,0,75
par_17,2020-11-20,0,25
par_17,2020-11-21,0,25
par_17,2020-11-22,0,65
par_17,2020-11-23,2,60
par_17,2020-11-24,0,40
par_17,2020-11-25,2,40
par_17,2020-11-26,1,35
par_17,2020-11-27,2,50
par_17,2020-11-28,0,70
par_17,2020-11-29,0,35
par_17,2020-11-30,1,35
par_17,2020-12-01,1,25
par_17,2020-12-02,1,65
par_17,2020-12-03,1,30
par_17,2020-12-04,1,25
par_17,2020-12-05,0,25
par_17,2020-12-06,1,60
par_17,2020-12-07,0,35
par_17,2020-12-08,2,45
par_17,2020-12-09,0,50
par_17,2020-12-10,0,30
par_17,2020-12-11,0,40
par_17,2020-12-12,0,30
par_17,2020-12-13,1,20
par_17,2020-12-14,0,60
par_17,2020-12-15,0,35
par_17,2020-12-16,1,25
par_17,2020-12-17,0,55
par_17,2020-12-18,0,40
par_17,2020-12-19,0,30
par_17,2020-12-20,0,25
par_17,2020-12-21,0,50
par_17,2020-12-22,1,40
par_17,2020-12-23,0,40
par_17,2020-12-24,0,30
par_17,2020-12-25,0,40
par_17,2020-12-26,1,40
par_17,2020-12-27,0,10
par_17,2020-12-28,0,20
par_17,2020-12-29,0,50
par_17,2020-12-30,1,45
par_17,2020-12-31,3,50
par_17,2021-01-01,2,35
par_17,2021-01-02,0,40
par_17,2021-01-03,0,30
par_17,2021-01-04,1,30
par_17,2021-01-05,0,15
par_17,2021-01-06,0,30
par_17,2021-01-07,2,65
par_17,2021-01-08,0,20
par_17,2021-01-09,0,25
par_17,2021-01-10,0,15
par_17,2021-01-11,0,20
par_17,2021-01-12,2,40
par_17,2021-01-13,2,70
par_17,2021-01-14,0,30
par_17,2021-01-15,1,55
par_17,2021-01-16,0,45
par_17,2021-01-17,0,45
par_17,2021-01-18,0,45
par_17,2021-01-19,2,25
par_17,2021-01-20,0,165
par_17,2021-01-21,1,30
par_17,2021-01-22,0,20
par_17,2021-01-23,0,30
par_17,2021-01-24,1,70
par_17,2021-01-25,1,45
par_17,2021-01-26,1,35
par_17,2021-01-28,0,15
par_17,2021-01-29,0,25
par_17,2021-01-30,0,20
par_17,2021-01-31,3,35
par_18,2020-01-20,3,60
par_18,2020-01-21,3,50
par_18,2020-01-22,2,45
par_18,2020-01-26,4,70
par_18,2020-01-27,2,35
par_18,2020-01-28,1,55
par_18,2020-01-29,1,20
par_18,2020-01-30,0,40
par_18,2020-01-31,2,50
par_18,2020-02-01,1,65
par_18,2020-02-05,2,35
par_18,2020-02-06,3,55
par_18,2020-02-07,0,40
par_18,2020-02-08,0,20
par_18,2020-02-09,3,60
par_18,2020-02-10,4,75
par_18,2020-02-11,2,30
par_18,2020-02-12,3,50
par_18,2020-02-13,3,50
par_18,2020-02-14,3,45
par_18,2020-02-17,3,190
par_18,2020-02-18,1,45
par_18,2020-02-19,2,45
par_18,2020-02-20,5,75
par_18,2020-02-21,2,25
par_18,2020-02-22,4,70
par_18,2020-02-23,5,80
par_18,2020-02-24,1,50
par_18,2020-02-25,5,95
par_18,2020-02-26,2,40
par_18,2020-02-27,3,20
par_18,2020-02-28,3,45
par_18,2020-02-29,3,45
par_18,2020-03-01,6,90
par_18,2020-03-02,1,35
par_18,2020-03-03,3,55
par_18,2020-03-04,0,40
par_18,2020-03-05,4,80
par_18,2020-03-06,2,30
par_18,2020-03-07,1,70
par_18,2020-03-08,2,55
par_18,2020-03-09,4,100
par_18,2020-03-10,1,40
par_18,2020-03-11,1,75
par_18,2020-03-12,1,30
par_18,2020-03-13,3,60
par_18,2020-03-14,2,55
par_18,2020-03-15,2,30
par_18,2020-03-16,3,75
par_18,2020-03-17,1,75
par_18,2020-03-18,7,80
par_18,2020-03-19,1,30
par_18,2020-03-21,6,140
par_18,2020-03-22,7,185
par_18,2020-03-23,3,60
par_18,2020-03-24,2,45
par_18,2020-03-25,3,50
par_18,2020-03-26,1,75
par_18,2020-03-27,2,65
par_18,2020-03-28,6,75
par_18,2020-03-29,2,55
par_18,2020-03-31,2,30
par_18,2020-04-02,2,80
par_18,2020-04-03,1,50
par_18,2020-04-04,2,50
par_18,2020-04-05,1,55
par_18,2020-04-07,0,40
par_18,2020-04-08,2,75
par_18,2020-04-09,0,25
par_18,2020-04-10,0,30
par_18,2020-04-11,1,30
par_18,2020-04-13,2,40
par_18,2020-04-14,4,75
par_18,2020-04-15,1,40
par_18,2020-04-16,1,150
par_18,2020-04-17,1,35
par_18,2020-04-18,1,50
par_18,2020-04-19,1,30
par_18,2020-04-21,4,65
par_18,2020-04-22,2,60
par_18,2020-04-25,4,125
par_18,2020-04-27,2,25
par_18,2020-04-28,2,80
par_18,2020-04-29,3,75
par_18,2020-04-30,2,40
par_18,2020-05-01,5,55
par_18,2020-05-02,7,65
par_18,2020-05-03,2,30
par_18,2020-05-04,3,60
par_18,2020-05-05,4,30
par_18,2020-05-06,0,60
par_18,2020-05-07,6,65
par_18,2020-05-08,2,45
par_18,2020-05-09,3,50
par_18,2020-05-10,2,20
par_18,2020-05-11,1,20
par_18,2020-05-13,1,65
par_18,2020-05-14,4,50
par_18,2020-05-15,7,80
par_18,2020-05-16,4,85
par_18,2020-05-17,2,45
par_18,2020-05-18,1,60
par_18,2020-05-19,2,65
par_18,2020-05-22,1,50
par_18,2020-05-23,4,60
par_18,2020-05-24,5,85
par_18,2020-05-26,2,55
par_18,2020-05-28,5,60
par_18,2020-05-29,2,30
par_18,2020-06-02,3,50
par_18,2020-06-03,2,55
par_18,2020-06-04,5,75
par_18,2020-06-05,3,45
par_18,2020-06-06,3,115
par_18,2020-06-07,1,60
par_18,2020-06-08,1,35
par_18,2020-06-09,3,40
par_18,2020-06-10,4,100
par_18,2020-06-12,2,30
par_18,2020-06-13,2,25
par_18,2020-06-14,3,25
par_18,2020-06-15,3,45
par_18,2020-06-16,2,70
par_18,2020-06-17,4,95
par_18,2020-06-18,6,110
par_18,2020-06-19,3,50
par_18,2020-06-20,5,100
par_18,2020-06-22,6,105
par_18,2020-06-23,4,80
par_18,2020-06-24,3,60
par_18,2020-06-25,1,10
par_18,2020-06-26,3,55
par_18,2020-06-27,3,65
par_18,2020-06-28,4,55
par_18,2020-06-29,4,55
par_18,2020-06-30,1,75
par_18,2020-07-01,2,50
par_18,2020-07-02,5,60
par_18,2020-07-06,4,35
par_18,2020-07-07,2,40
par_18,2020-07-09,1,55
par_18,2020-07-10,2,30
par_18,2020-07-11,5,115
par_18,2020-07-12,1,15
par_18,2020-07-13,7,100
par_18,2020-07-15,2,45
par_18,2020-07-16,4,50
par_18,2020-07-17,5,50
par_18,2020-07-18,2,30
par_18,2020-07-19,1,10
par_18,2020-07-20,3,50
par_18,2020-07-21,5,100
par_18,2020-07-22,3,75
par_18,2020-07-23,6,70
par_18,2020-07-24,3,50
par_18,2020-07-25,1,35
par_18,2020-07-26,4,45
par_18,2020-07-27,3,35
par_18,2020-07-28,2,85
par_18,2020-07-30,5,70
par_18,2020-07-31,1,60
par_18,2020-08-01,3,30
par_18,2020-08-02,2,30
par_18,2020-08-04,1,75
par_18,2020-08-05,1,25
par_18,2020-08-06,7,70
par_18,2020-08-07,4,30
par_18,2020-08-09,2,45
par_18,2020-08-10,3,65
par_18,2020-08-11,2,60
par_18,2020-08-12,2,65
par_18,2020-08-15,1,10
par_18,2020-08-16,5,75
par_18,2020-08-17,3,40
par_18,2020-08-18,5,45
par_18,2020-08-21,4,65
par_18,2020-08-22,8,110
par_18,2020-08-23,4,45
par_18,2020-08-24,2,90
par_18,2020-08-25,3,100
par_18,2020-08-26,5,100
par_18,2020-08-27,3,65
par_18,2020-08-28,3,75
par_18,2020-08-29,3,105
par_18,2020-08-30,2,35
par_18,2020-08-31,5,50
par_18,2020-09-03,4,70
par_18,2020-09-04,3,85
par_18,2020-09-05,5,75
par_18,2020-09-08,3,25
par_18,2020-09-10,2,25
par_18,2020-09-11,1,15
par_18,2020-09-14,4,85
par_18,2020-09-19,4,90
par_18,2020-09-20,12,85
par_18,2020-09-21,4,85
par_18,2020-09-23,3,55
par_18,2020-09-24,5,90
par_18,2020-09-25,4,140
par_18,2020-09-26,5,90
par_18,2020-09-29,2,30
par_18,2020-09-30,3,35
par_18,2020-10-01,5,85
par_18,2020-10-02,2,15
par_18,2020-10-06,0,45
par_18,2020-10-07,4,60
par_18,2020-10-08,4,55
par_18,2020-10-10,0,110
par_18,2020-10-11,3,55
par_18,2020-10-12,0,45
par_18,2020-10-13,3,50
par_18,2020-10-14,2,40
par_18,2020-10-15,1,25
par_18,2020-10-16,2,75
par_18,2020-10-17,3,75
par_18,2020-10-18,6,85
par_18,2020-10-19,7,100
par_18,2020-10-20,4,70
par_18,2020-10-21,3,65
par_18,2020-10-22,0,60
par_18,2020-10-25,2,50
par_18,2020-10-26,2,100
par_18,2020-10-27,3,55
par_18,2020-10-28,5,125
par_18,2020-10-31,2,40
par_18,2020-11-01,3,55
par_18,2020-11-02,2,55
par_18,2020-11-03,3,80
par_18,2020-11-05,2,65
par_18,2020-11-06,5,50
par_18,2020-11-07,4,235
par_18,2020-11-08,3,100
par_18,2020-11-09,1,70
par_18,2020-11-10,4,75
par_18,2020-11-11,4,60
par_18,2020-11-12,3,50
par_18,2020-11-18,2,20
par_18,2020-11-19,1,20
par_18,2020-11-20,1,80
par_18,2020-11-23,3,50
par_18,2020-11-24,3,60
par_18,2020-11-25,3,85
par_18,2020-11-28,1,40
par_18,2020-11-29,2,35
par_18,2020-11-30,4,55
par_18,2020-12-01,4,70
par_18,2020-12-02,1,25
par_18,2020-12-03,4,65
par_18,2020-12-04,5,65
par_18,2020-12-06,2,60
par_18,2020-12-07,0,35
par_18,2020-12-08,2,35
par_18,2020-12-09,2,35
par_18,2020-12-10,1,45
par_18,2020-12-11,3,55
par_18,2020-12-12,3,150
par_18,2020-12-14,0,75
par_18,2020-12-15,1,50
par_18,2020-12-18,1,30
par_18,2020-12-19,8,125
par_18,2020-12-20,7,110
par_18,2020-12-24,6,75
par_18,2020-12-25,3,65
par_18,2020-12-26,7,450
par_18,2020-12-27,2,65
par_18,2020-12-28,8,140
par_18,2020-12-29,4,35
par_18,2020-12-30,6,100
par_18,2021-01-02,4,110
par_18,2021-01-03,4,65
par_18,2021-01-05,4,50
par_18,2021-01-06,4,75
par_18,2021-01-07,2,30
par_18,2021-01-09,0,90
par_18,2021-01-10,2,50
par_18,2021-01-16,1,55
par_18,2021-01-17,3,75
par_18,2021-01-18,2,50
par_18,2021-01-21,4,65
par_18,2021-01-23,7,85
par_18,2021-01-31,3,60
par_19,2020-01-20,3,70
par_19,2020-01-21,1,55
par_19,2020-01-22,2,20
par_19,2020-01-23,3,50
par_19,2020-01-24,2,30
par_19,2020-01-25,2,35
par_19,2020-01-26,3,30
par_19,2020-01-27,2,25
par_19,2020-01-28,1,25
par_19,2020-01-29,1,30
par_19,2020-01-31,1,40
par_19,2020-02-01,2,45
par_19,2020-02-02,1,15
par_19,2020-02-03,2,35
par_19,2020-02-04,1,20
par_19,2020-02-05,2,30
par_19,2020-02-06,0,10
par_19,2020-02-07,1,20
par_19,2020-02-08,2,20
par_19,2020-02-09,0,20
par_19,2020-02-10,1,20
par_19,2020-02-11,1,5
par_19,2020-02-12,1,25
par_19,2020-02-13,1,20
par_19,2020-02-14,3,35
par_19,2020-02-15,3,40
par_19,2020-02-16,2,55
par_19,2020-02-17,3,85
par_19,2020-02-18,2,40
par_19,2020-02-19,4,35
par_19,2020-02-20,2,35
par_19,2020-02-21,6,115
par_19,2020-02-22,1,40
par_19,2020-02-23,2,65
par_19,2020-02-25,2,40
par_19,2020-02-26,0,10
par_19,2020-02-28,3,40
par_19,2020-03-01,3,50
par_19,2020-03-03,2,50
par_19,2020-03-04,2,30
par_19,2020-03-05,4,65
par_19,2020-03-06,1,40
par_19,2020-03-07,3,30
par_19,2020-03-08,2,35
par_19,2020-03-09,5,95
par_19,2020-03-10,1,25
par_19,2020-03-11,3,85
par_19,2020-03-12,3,85
par_19,2020-03-13,3,60
par_19,2020-03-14,4,105
par_19,2020-03-15,1,50
par_19,2020-03-16,7,75
par_19,2020-03-17,4,110
par_19,2020-03-18,3,90
par_19,2020-03-19,5,80
par_19,2020-03-20,4,40
par_19,2020-03-21,4,70
par_19,2020-03-23,3,35
par_19,2020-03-24,0,135
par_19,2020-03-25,4,130
par_19,2020-03-26,2,115
par_19,2020-03-27,3,35
par_19,2020-03-29,4,55
par_19,2020-03-30,4,90
par_19,2020-03-31,8,80
par_19,2020-04-01,3,55
par_19,2020-04-02,5,55
par_19,2020-04-04,3,55
par_19,2020-04-05,2,85
par_19,2020-04-06,2,10
par_19,2020-04-07,3,85
par_19,2020-04-08,2,30
par_19,2020-04-10,4,55
par_19,2020-04-11,3,85
par_19,2020-04-12,3,75
par_19,2020-04-13,3,50
par_19,2020-04-14,4,100
par_19,2020-04-15,3,65
par_19,2020-04-29,7,95
par_19,2020-04-30,5,65
par_19,2020-05-01,2,95
par_19,2020-05-02,1,30
par_19,2020-05-03,3,85
par_19,2020-05-04,4,45
par_19,2020-05-05,2,105
par_19,2020-05-06,1,125
par_19,2020-05-07,2,30
par_19,2020-05-08,2,25
par_19,2020-05-09,3,105
par_19,2020-05-10,1,55
par_19,2020-05-11,3,60
par_19,2020-05-12,2,40
par_19,2020-05-13,1,5
par_19,2020-05-14,2,40
par_19,2020-05-15,3,120
par_19,2020-05-16,2,60
par_19,2020-05-18,1,65
par_19,2020-05-19,2,30
par_19,2020-05-20,0,50
par_19,2020-05-21,4,115
par_19,2020-05-22,3,60
par_19,2020-05-23,2,25
par_19,2020-05-24,4,115
par_19,2020-05-25,3,40
par_19,2020-05-26,3,70
par_19,2020-05-27,4,75
par_19,2020-05-28,5,75
par_19,2020-05-29,4,45
par_19,2020-05-31,2,30
par_19,2020-06-01,2,35
par_19,2020-06-02,4,65
par_19,2020-06-03,0,25
par_19,2020-06-04,3,60
par_19,2020-06-05,2,35
par_19,2020-06-06,2,40
par_19,2020-06-08,2,60
par_19,2020-06-09,2,35
par_19,2020-06-10,2,30
par_19,2020-06-11,2,105
par_19,2020-06-12,4,45
par_19,2020-06-13,4,75
par_19,2020-06-14,4,90
par_19,2020-06-15,3,60
par_19,2020-06-16,3,90
par_19,2020-06-18,4,50
par_19,2020-06-19,6,60
par_19,2020-06-20,0,20
par_19,2020-06-21,4,90
par_19,2020-06-22,5,55
par_19,2020-06-23,5,45
par_19,2020-06-25,3,95
par_19,2020-06-26,6,40
par_19,2020-06-27,5,40
par_19,2020-06-28,3,105
par_19,2020-06-29,2,40
par_19,2020-06-30,5,120
par_19,2020-07-01,4,105
par_19,2020-07-02,4,90
par_19,2020-07-03,4,65
par_19,2020-07-04,4,110
par_19,2020-07-05,7,70
par_19,2020-07-07,5,95
par_19,2020-07-08,3,35
par_19,2020-07-09,1,20
par_19,2020-07-10,5,55
par_19,2020-07-11,5,65
par_19,2020-07-12,1,50
par_19,2020-07-13,4,60
par_19,2020-07-14,3,30
par_19,2020-07-15,2,60
par_19,2020-07-16,3,40
par_19,2020-07-17,3,40
par_19,2020-07-19,3,40
par_19,2020-07-20,3,70
par_19,2020-07-22,2,70
par_19,2020-07-23,7,135
par_19,2020-07-24,2,40
par_19,2020-07-25,1,85
par_19,2020-07-26,4,65
par_19,2020-07-28,4,120
par_19,2020-07-29,1,80
par_19,2020-07-30,4,70
par_19,2020-07-31,4,60
par_19,2020-08-01,2,55
par_19,2020-08-02,7,155
par_19,2020-08-03,3,40
par_19,2020-08-04,3,40
par_19,2020-08-05,0,15
par_19,2020-08-06,5,65
par_19,2020-08-07,4,85
par_19,2020-08-08,3,40
par_19,2020-08-10,7,65
par_19,2020-08-11,3,60
par_19,2020-08-12,2,65
par_19,2020-08-13,4,55
par_19,2020-08-14,1,60
par_19,2020-08-17,5,80
par_19,2020-08-18,6,75
par_19,2020-08-20,0,95
par_19,2020-08-21,2,135
par_19,2020-08-23,5,115
par_19,2020-08-24,4,55
par_19,2020-08-25,4,80
par_19,2020-08-26,3,45
par_19,2020-08-27,1,40
par_19,2020-08-28,2,80
par_19,2020-08-29,3,65
par_19,2020-08-30,1,30
par_19,2020-08-31,4,40
par_19,2020-09-01,3,40
par_19,2020-09-02,2,30
par_19,2020-09-04,4,80
par_19,2020-09-05,4,135
par_19,2020-09-06,2,30
par_19,2020-09-07,4,80
par_19,2020-09-09,1,60
par_19,2020-09-10,2,40
par_19,2020-09-11,5,130
par_19,2020-09-12,5,90
par_19,2020-09-14,4,110
par_19,2020-09-15,4,150
par_19,2020-09-16,4,45
par_19,2020-09-17,2,115
par_19,2020-09-18,3,75
par_20,2020-01-23,7,125
par_20,2020-01-25,1,80
par_20,2020-01-26,4,85
par_20,2020-01-27,5,75
par_20,2020-01-28,7,85
par_20,2020-02-05,3,90
par_20,2020-02-07,5,50
par_20,2020-02-08,6,115
par_22,2020-02-12,2,85
par_22,2020-02-13,2,40
par_22,2020-02-14,3,30
par_22,2020-02-15,2,40
par_22,2020-02-17,2,45
par_22,2020-02-18,4,45
par_22,2020-02-19,4,70
par_22,2020-02-20,2,25
par_22,2020-02-21,5,60
par_22,2020-02-24,5,75
par_22,2020-02-25,4,90
par_22,2020-02-26,1,65
par_22,2020-02-27,2,55
par_22,2020-02-28,8,90
par_22,2020-02-29,2,40
par_22,2020-03-01,3,40
par_22,2020-03-02,2,25
par_22,2020-03-03,2,40
par_22,2020-03-04,3,70
par_22,2020-03-05,1,70
par_22,2020-03-06,0,65
par_22,2020-03-07,3,45
par_22,2020-03-08,2,20
par_22,2020-03-10,3,110
par_22,2020-03-11,4,70
par_22,2020-03-12,2,30
par_22,2020-03-13,3,55
par_22,2020-03-14,0,35
par_22,2020-03-15,4,120
par_22,2020-03-16,7,95
par_22,2020-03-17,0,80
par_22,2020-03-18,3,45
par_22,2020-03-19,3,35
par_22,2020-03-20,2,30
par_22,2020-03-21,4,60
par_22,2020-03-22,1,10
par_22,2020-03-23,1,55
par_22,2020-03-24,2,50
par_22,2020-03-25,0,50
par_22,2020-03-26,3,30
par_22,2020-03-27,4,60
par_22,2020-03-29,2,55
par_22,2020-03-30,3,70
par_22,2020-03-31,3,45
par_22,2020-04-01,2,55
par_22,2020-04-02,1,30
par_22,2020-04-03,1,35
par_22,2020-04-04,1,40
par_22,2020-04-05,3,40
par_22,2020-04-06,3,50
par_22,2020-04-07,5,100
par_22,2020-04-08,1,35
par_22,2020-04-09,5,75
par_22,2020-04-10,2,45
par_22,2020-04-11,3,25
par_22,2020-04-12,3,115
par_22,2020-04-13,0,40
par_22,2020-04-14,2,75
par_22,2020-04-15,0,65
par_22,2020-04-16,1,70
par_22,2020-04-17,1,40
par_22,2020-04-18,1,25
par_22,2020-04-19,1,65
par_22,2020-04-20,2,35
par_22,2020-04-21,1,60
par_22,2020-04-22,4,90
par_22,2020-04-23,1,30
par_22,2020-04-24,4,85
par_22,2020-04-25,1,55
par_22,2020-04-26,4,80
par_22,2020-04-27,0,100
par_22,2020-04-29,3,100
par_22,2020-04-30,2,80
par_22,2020-05-01,2,100
par_22,2020-05-02,2,40
par_22,2020-05-03,3,95
par_22,2020-05-04,1,90
par_22,2020-05-05,1,30
par_22,2020-05-06,3,95
par_22,2020-05-07,1,40
par_22,2020-05-08,2,70
par_22,2020-05-09,1,65
par_22,2020-05-10,1,40
par_22,2020-05-11,1,35
par_22,2020-05-12,2,70
par_22,2020-05-13,3,75
par_22,2020-05-14,2,55
par_22,2020-05-15,1,100
par_22,2020-05-16,2,35
par_22,2020-05-17,0,55
par_22,2020-05-18,5,85
par_22,2020-05-19,4,70
par_22,2020-05-20,4,55
par_22,2020-05-21,3,60
par_22,2020-05-22,1,65
par_22,2020-05-23,4,70
par_22,2020-05-24,1,35
par_22,2020-05-25,2,45
par_22,2020-05-26,4,80
par_22,2020-05-27,2,25
par_22,2020-05-28,3,50
par_22,2020-05-29,2,90
par_22,2020-05-30,4,70
par_22,2020-05-31,1,100
par_22,2020-06-01,3,40
par_22,2020-06-02,1,35
par_22,2020-06-03,1,90
par_22,2020-06-04,0,75
par_22,2020-06-05,0,85
par_22,2020-06-06,1,70
par_22,2020-06-07,2,65
par_22,2020-06-08,0,55
par_22,2020-06-09,4,100
par_22,2020-06-10,2,65
par_22,2020-06-11,3,90
par_22,2020-06-12,2,80
par_22,2020-06-13,3,35
par_22,2020-06-14,3,50
par_22,2020-06-15,3,110
par_22,2020-06-16,1,45
par_22,2020-06-17,2,55
par_22,2020-06-18,5,110
par_22,2020-06-19,4,115
par_22,2020-06-20,3,65
par_22,2020-06-21,2,100
par_22,2020-06-22,2,135
par_22,2020-06-23,2,95
par_22,2020-06-24,4,60
par_22,2020-06-26,1,110
par_22,2020-06-27,1,55
par_22,2020-06-29,1,95
par_22,2020-06-30,3,50
par_22,2020-07-01,1,95
par_22,2020-07-02,4,70
par_22,2020-07-03,2,60
par_22,2020-07-04,1,40
par_22,2020-07-05,0,70
par_22,2020-07-09,1,55
par_22,2020-07-10,5,70
par_22,2020-07-11,3,50
par_22,2020-07-13,1,60
par_22,2020-07-14,2,60
par_22,2020-07-15,2,85
par_22,2020-07-16,5,100
par_22,2020-07-17,3,70
par_22,2020-07-18,4,50
par_22,2020-07-19,0,15
par_22,2020-07-20,2,60
par_22,2020-07-21,1,40
par_22,2020-07-22,5,115
par_22,2020-07-23,0,65
par_22,2020-07-25,3,60
par_22,2020-07-26,2,75
par_22,2020-07-27,2,60
par_22,2020-07-28,2,75
par_22,2020-07-29,2,90
par_22,2020-07-30,1,65
par_22,2020-07-31,1,60
par_22,2020-08-01,2,70
par_22,2020-08-02,1,95
par_22,2020-08-03,1,45
par_22,2020-08-04,3,50
par_22,2020-08-05,0,85
par_22,2020-08-06,3,80
par_22,2020-08-07,1,80
par_22,2020-08-08,3,30
par_22,2020-08-09,1,50
par_22,2020-08-10,2,45
par_22,2020-08-11,1,40
par_22,2020-08-12,4,60
par_22,2020-08-13,3,70
par_22,2020-08-14,0,45
par_22,2020-08-15,3,40
par_22,2020-08-16,2,50
par_22,2020-08-17,2,115
par_22,2020-08-18,2,80
par_22,2020-08-19,2,25
par_22,2020-08-20,2,50
par_22,2020-08-21,1,15
par_22,2020-08-22,0,5
par_22,2020-08-23,0,10
par_22,2020-08-24,2,30
par_22,2020-08-25,2,75
par_22,2020-08-26,5,55
par_22,2020-08-27,1,20
par_22,2020-08-28,0,25
par_22,2020-08-29,3,65
par_22,2020-08-30,1,40
par_22,2020-08-31,0,10
par_22,2020-09-01,1,85
par_22,2020-09-02,0,60
par_22,2020-09-03,3,85
par_22,2020-09-04,6,105
par_22,2020-09-05,2,40
par_22,2020-09-06,2,45
par_22,2020-09-07,1,60
par_22,2020-09-08,2,40
par_22,2020-09-09,2,65
par_22,2020-09-10,0,35
par_22,2020-09-11,3,40
par_22,2020-09-12,1,55
par_22,2020-09-13,3,75
par_22,2020-09-14,1,65
par_22,2020-09-15,2,35
par_22,2020-09-18,2,75
par_22,2020-09-19,2,40
par_22,2020-09-20,3,45
par_22,2020-09-21,2,70
par_22,2020-09-22,4,85
par_22,2020-09-23,1,10
par_22,2020-09-26,0,35
par_22,2020-09-27,2,50
par_22,2020-09-28,0,15
par_23,2020-07-17,5,100
par_23,2020-07-18,2,50
par_23,2020-07-19,2,35
par_23,2020-07-20,3,45
par_23,2020-07-21,2,60
par_23,2020-07-22,4,55
par_23,2020-07-23,3,55
par_23,2020-07-24,1,60
par_23,2020-07-25,3,105
par_23,2020-07-26,3,65
par_23,2020-07-27,1,65
par_23,2020-07-28,1,50
par_23,2020-07-29,0,35
par_23,2020-07-30,1,60
par_23,2020-07-31,2,25
par_23,2020-08-01,5,75
par_23,2020-08-02,2,25
par_23,2020-08-03,4,65
par_23,2020-08-04,1,55
par_23,2020-08-05,1,35
par_23,2020-08-06,5,85
par_23,2020-08-07,5,60
par_23,2020-08-08,5,100
par_23,2020-08-09,4,85
par_23,2020-08-10,2,45
par_23,2020-08-11,2,95
par_23,2020-08-12,1,45
par_23,2020-08-13,4,55
par_23,2020-08-14,2,30
par_23,2020-08-15,5,100
par_23,2020-08-16,3,40
par_23,2020-08-17,2,30
par_23,2020-08-18,4,55
par_23,2020-08-19,4,60
par_23,2020-08-20,3,35
par_23,2020-08-21,1,60
par_23,2020-08-22,2,30
par_23,2020-08-23,3,50
par_23,2020-08-24,2,75
par_23,2020-08-25,1,30
par_23,2020-08-26,2,80
par_23,2020-08-27,2,40
par_23,2020-08-28,2,80
par_23,2020-08-29,3,45
par_23,2020-08-30,5,95
par_23,2020-08-31,1,45
par_23,2020-09-01,2,50
par_23,2020-09-02,3,45
par_23,2020-09-03,2,25
par_23,2020-09-04,6,160
par_23,2020-09-05,2,60
par_23,2020-09-06,6,70
par_23,2020-09-07,1,20
par_23,2020-09-08,2,45
par_23,2020-09-09,1,25
par_23,2020-09-10,1,30
par_23,2020-09-11,4,40
par_23,2020-09-12,4,65
par_23,2020-09-13,3,50
par_23,2020-09-14,3,65
par_23,2020-09-15,3,55
par_23,2020-09-16,2,90
par_23,2020-09-17,2,45
par_23,2020-09-18,2,45
par_23,2020-09-19,7,60
par_23,2020-09-20,3,55
par_23,2020-09-21,3,90
par_23,2020-09-22,2,45
par_23,2020-09-23,2,30
par_23,2020-09-24,3,70
par_23,2020-09-25,4,45
par_23,2020-09-26,3,85
par_23,2020-09-27,2,75
par_23,2020-09-28,3,25
par_23,2020-09-29,5,70
par_23,2020-09-30,3,75
par_23,2020-10-01,1,45
par_23,2020-10-02,4,100
par_23,2020-10-03,4,100
par_23,2020-10-04,1,40
par_23,2020-10-05,1,65
par_23,2020-10-07,5,95
par_23,2020-10-08,2,40
par_23,2020-10-10,2,55
par_23,2020-10-11,1,80
par_23,2020-10-12,0,15
par_23,2020-10-13,1,75
par_23,2020-10-14,1,30
par_23,2020-10-15,7,70
par_23,2020-10-16,2,70
par_23,2020-10-17,1,65
par_24,2020-07-18,3,105
par_24,2020-07-19,3,75
par_24,2020-07-20,2,40
par_24,2020-07-21,5,125
par_24,2020-07-22,2,70
par_24,2020-07-23,4,50
par_24,2020-07-24,3,70
par_24,2020-07-25,3,45
par_24,2020-07-26,4,70
par_24,2020-07-27,0,50
par_24,2020-07-28,0,30
par_24,2020-07-29,2,60
par_24,2020-07-30,2,45
par_24,2020-07-31,2,55
par_24,2020-08-01,3,70
par_24,2020-08-02,5,95
par_24,2020-08-03,4,60
par_24,2020-08-04,1,50
par_24,2020-08-05,6,80
par_24,2020-08-06,1,70
par_24,2020-08-07,5,65
par_24,2020-08-08,4,95
par_24,2020-08-09,3,55
par_24,2020-08-10,3,35
par_24,2020-08-11,2,65
par_24,2020-08-12,3,65
par_24,2020-08-13,0,50
par_24,2020-08-14,4,110
par_24,2020-08-15,3,75
par_24,2020-08-16,2,55
par_24,2020-08-17,3,65
par_24,2020-08-18,1,35
par_24,2020-08-19,2,65
par_24,2020-08-20,2,85
par_24,2020-08-21,0,65
par_24,2020-08-22,5,115
par_24,2020-08-23,3,45
par_24,2020-08-24,3,80
par_24,2020-08-25,2,70
par_24,2020-08-26,0,50
par_24,2020-08-27,2,50
par_24,2020-08-28,0,25
par_24,2020-08-29,6,110
par_24,2020-08-30,3,85
par_24,2020-08-31,2,30
par_24,2020-09-01,5,115
par_24,2020-09-02,4,45
par_24,2020-09-03,1,25
par_24,2020-09-04,4,55
par_24,2020-09-05,2,65
par_24,2020-09-06,4,55
par_24,2020-09-07,0,60
par_24,2020-09-08,3,65
par_24,2020-09-09,1,50
par_24,2020-09-10,2,60
par_24,2020-09-11,3,60
par_24,2020-09-12,5,95
par_24,2020-09-13,4,50
par_24,2020-09-14,4,75
par_24,2020-09-15,2,20
par_24,2020-09-16,4,75
par_24,2020-09-18,3,95
par_24,2020-09-19,6,130
par_24,2020-09-20,3,100
par_24,2020-09-21,1,120
par_24,2020-09-22,2,25
par_24,2020-09-23,1,15
par_24,2020-09-24,5,55
par_24,2020-09-25,7,75
par_24,2020-09-26,2,40
par_24,2020-09-27,5,55
par_24,2020-09-28,4,50
par_24,2020-09-29,6,105
par_24,2020-09-30,7,115
par_24,2020-10-01,8,95
par_24,2020-10-02,2,40
par_24,2020-10-03,4,55
par_24,2020-10-04,2,40
par_24,2020-10-05,2,65
par_24,2020-10-06,4,45
par_24,2020-10-07,5,100
par_24,2020-10-08,4,55
par_24,2020-10-09,2,95
par_24,2020-10-10,5,100
par_24,2020-10-11,3,75
par_24,2020-10-12,7,100
par_24,2020-10-13,1,25
par_24,2020-10-14,5,45
par_24,2020-10-15,4,45
par_24,2020-10-16,4,80
par_24,2020-10-17,4,110
par_24,2020-10-18,3,90
par_24,2020-10-19,4,60
par_24,2020-10-20,5,55
par_24,2020-10-21,2,45
par_24,2020-10-22,2,55
par_24,2020-10-23,1,50
par_24,2020-10-24,5,110
par_24,2020-10-25,3,80
par_24,2020-10-26,2,40
par_24,2020-10-27,5,105
par_24,2020-10-28,4,65
par_24,2020-10-29,4,90
par_24,2020-10-30,4,40
par_24,2020-10-31,3,65
par_24,2020-11-01,5,115
par_24,2020-11-02,2,40
par_24,2020-11-03,2,25
par_24,2020-11-04,2,40
par_24,2020-11-05,3,80
par_24,2020-11-06,6,140
par_24,2020-11-07,3,55
par_24,2020-11-08,7,75
par_24,2020-11-09,3,65
par_24,2020-11-10,2,50
par_24,2020-11-11,6,40
par_24,2020-11-12,4,80
par_24,2020-11-13,2,130
par_24,2020-11-15,5,115
par_24,2020-11-16,5,55
par_24,2020-11-17,5,70
par_24,2020-11-18,7,65
par_24,2020-11-19,3,55
par_24,2020-11-20,7,95
par_24,2020-11-21,9,95
par_24,2020-11-22,7,100
par_24,2020-11-23,4,35
par_24,2020-11-24,5,85
par_24,2020-11-26,3,95
par_24,2020-11-27,5,85
par_24,2020-11-28,6,75
par_24,2020-11-29,4,60
par_24,2020-11-30,3,45
par_24,2020-12-01,5,80
par_24,2020-12-02,5,75
par_24,2020-12-03,7,65
par_24,2020-12-04,4,50
par_24,2020-12-05,4,115
par_24,2020-12-06,0,35
par_24,2020-12-07,3,35
par_24,2020-12-08,4,65
par_24,2020-12-09,5,110
par_24,2020-12-10,6,85
par_24,2020-12-11,8,80
par_24,2020-12-12,5,105
par_24,2020-12-13,3,60
par_24,2020-12-14,3,35
par_24,2020-12-15,4,45
par_24,2020-12-16,4,35
par_24,2020-12-17,8,95
par_24,2020-12-18,6,115
par_24,2020-12-19,1,40
par_24,2020-12-20,3,75
par_24,2020-12-21,4,45
par_24,2020-12-22,3,45
par_24,2020-12-23,6,115
par_24,2020-12-24,7,95
par_24,2020-12-25,3,50
par_24,2020-12-26,9,125
par_24,2020-12-27,3,65
par_24,2020-12-28,6,60
par_24,2020-12-29,5,75
par_24,2020-12-30,5,105
par_24,2020-12-31,3,90
par_24,2021-01-01,3,40
par_24,2021-01-02,7,85
par_24,2021-01-03,3,75
par_24,2021-01-04,2,25
par_24,2021-01-05,3,50
par_24,2021-01-06,7,70
par_24,2021-01-07,3,30
par_24,2021-01-08,1,20
par_24,2021-01-09,3,65
par_24,2021-01-10,2,70
par_24,2021-01-11,7,90
par_24,2021-01-12,4,75
par_24,2021-01-13,8,120
par_24,2021-01-14,4,85
par_24,2021-01-15,3,55
par_24,2021-01-16,4,100
par_24,2021-01-17,2,60
par_24,2021-01-18,6,85
par_24,2021-01-19,3,55
par_24,2021-01-20,2,45
par_24,2021-01-21,10,145
par_24,2021-01-22,2,55
par_24,2021-01-23,1,25
par_24,2021-01-24,4,115
par_24,2021-01-25,3,60
par_24,2021-01-26,1,25
par_24,2021-01-27,2,25
par_24,2021-01-28,4,50
par_24,2021-01-29,3,60
par_24,2021-01-30,6,70
par_24,2021-01-31,4,110
