date,datetime_utc,sleep_start_utc,sleep_end_utc,heart_rate,heart_rmssd,hypnogram_level,hypnogram_class,temperature_delta,night_time_in_bed_seconds,night_total_sleep_seconds,night_deep_sleep_seconds,night_rem_sleep_seconds,night_light_sleep_seconds,night_awake_seconds,night_sleep_efficiency_percent,night_hr_average,night_hr_lowest,night_hrv_rmssd,night_observed_awakenings,night_observed_stage_changes
2020-02-26,2020-02-26 09:15:28,2020-02-26 09:15:28,2020-02-26 16:00:28,72,74,4.0,awake,-0.24,24300,22470,8190,2850,11430,1830,92,59.01,54,94,1,14
2020-02-26,2020-02-26 09:20:28,2020-02-26 09:15:28,2020-02-26 16:00:28,64,79,4.0,awake,-0.24,24300,22470,8190,2850,11430,1830,92,59.01,54,94,1,14
2020-02-26,2020-02-26 09:25:28,2020-02-26 09:15:28,2020-02-26 16:00:28,61,97,2.0,light,-0.24,24300,22470,8190,2850,11430,1830,92,59.01,54,94,1,14
2020-02-26,2020-02-26 09:30:28,2020-02-26 09:15:28,2020-02-26 16:00:28,58,88,2.0,light,-0.24,24300,22470,8190,2850,11430,1830,92,59.01,54,94,1,14
2020-02-26,2020-02-26 09:35:28,2020-02-26 09:15:28,2020-02-26 16:00:28,57,82,2.0,light,-0.24,24300,22470,8190,2850,11430,1830,92,59.01,54,94,1,14
2020-02-26,2020-02-26 09:40:28,2020-02-26 09:15:28,2020-02-26 16:00:28,55,74,2.0,light,-0.24,24300,22470,8190,2850,11430,1830,92,59.01,54,94,1,14
2020-02-26,2020-02-26 09:45:28,2020-02-26 09:15:28,2020-02-26 16:00:28,55,86,2.0,light,-0.24,24300,22470,8190,2850,11430,1830,92,59.01,54,94,1,14
2020-02-26,2020-02-26 09:50:28,2020-02-26 09:15:28,2020-02-26 16:00:28,56,83,2.0,light,-0.24,24300,22470,8190,2850,11430,1830,92,59.01,54,94,1,14
2020-02-26,2020-02-26 09:55:28,2020-02-26 09:15:28,2020-02-26 16:00:28,57,94,2.0,light,-0.24,24300,22470,8190,2850,11430,1830,92,59.01,54,94,1,14
2020-02-26,2020-02-26 10:00:28,2020-02-26 09:15:28,2020-02-26 16:00:28,57,81,1.0,deep,-0.24,24300,22470,8190,2850,11430,1830,92,59.01,54,94,1,14
2020-02-26,2020-02-26 10:05:28,2020-02-26 09:15:28,2020-02-26 16:00:28,56,81,1.0,deep,-0.24,24300,22470,8190,2850,11430,1830,92,59.01,54,94,1,14
2020-02-26,2020-02-26 10:10:28,2020-02-26 09:15:28,2020-02-26 16:00:28,57,92,1.0,deep,-0.24,24300,22470,8190,2850,11430,1830,92,59.01,54,94,1,14
2020-02-26,2020-02-26 10:15:28,2020-02-26 09:15:28,2020-02-26 16:00:28,62,103,1.0,deep,-0.24,24300,22470,8190,2850,11430,1830,92,59.01,54,94,1,14
2020-02-26,2020-02-26 10:20:28,2020-02-26 09:15:28,2020-02-26 16:00:28,61,106,1.0,deep,-0.24,24300,22470,8190,2850,11430,1830,92,59.01,54,94,1,14
2020-02-26,2020-02-26 10:25:28,2020-02-26 09:15:28,2020-02-26 16:00:28,62,100,2.0,light,-0.24,24300,22470,8190,2850,11430,1830,92,59.01,54,94,1,14
2020-02-26,2020-02-26 10:30:28,2020-02-26 09:15:28,2020-02-26 16:00:28,63,107,1.0,deep,-0.24,24300,22470,8190,2850,11430,1830,92,59.01,54,94,1,14
2020-02-26,2020-02-26 10:35:28,2020-02-26 09:15:28,2020-02-26 16:00:28,60,100,2.0,light,-0.24,24300,22470,8190,2850,11430,1830,92,59.01,54,94,1,14
2020-02-26,2020-02-26 10:40:28,2020-02-26 09:15:28,2020-02-26 16:00:28,57,98,2.0,light,-0.24,24300,22470,8190,2850,11430,1830,92,59.01,54,94,1,14
2020-02-26,2020-02-26 10:45:28,2020-02-26 09:15:28,2020-02-26 16:00:28,59,70,2.0,light,-0.24,24300,22470,8190,2850,11430,1830,92,59.01,54,94,1,14
2020-02-26,2020-02-26 10:50:28,2020-02-26 09:15:28,2020-02-26 16:00:28,59,71,1.0,deep,-0.24,24300,22470,8190,2850,11430,1830,92,59.01,54,94,1,14
2020-02-26,2020-02-26 10:55:28,2020-02-26 09:15:28,2020-02-26 16:00:28,58,71,1.0,deep,-0.24,24300,22470,8190,2850,11430,1830,92,59.01,54,94,1,14
2020-02-26,2020-02-26 11:00:28,2020-02-26 09:15:28,2020-02-26 16:00:28,58,73,1.0,deep,-0.24,24300,22470,8190,2850,11430,1830,92,59.01,54,94,1,14
2020-02-26,2020-02-26 11:05:28,2020-02-26 09:15:28,2020-02-26 16:00:28,58,73,1.0,deep,-0.24,24300,22470,8190,2850,11430,1830,92,59.01,54,94,1,14
2020-02-26,2020-02-26 11:10:28,2020-02-26 09:15:28,2020-02-26 16:00:28,58,74,1.0,deep,-0.24,24300,22470,8190,2850,11430,1830,92,59.01,54,94,1,14
2020-02-26,2020-02-26 11:15:28,2020-02-26 09:15:28,2020-02-26 16:00:28,58,111,1.0,deep,-0.24,24300,22470,8190,2850,11430,1830,92,59.01,54,94,1,14
2020-02-26,2020-02-26 11:20:28,2020-02-26 09:15:28,2020-02-26 16:00:28,57,89,2.0,light,-0.24,24300,22470,8190,2850,11430,1830,92,59.01,54,94,1,14
2020-02-26,2020-02-26 11:25:28,2020-02-26 09:15:28,2020-02-26 16:00:28,55,81,2.0,light,-0.24,24300,22470,8190,2850,11430,1830,92,59.01,54,94,1,14
2020-02-26,2020-02-26 11:30:28,2020-02-26 09:15:28,2020-02-26 16:00:28,55,101,2.0,light,-0.24,24300,22470,8190,2850,11430,1830,92,59.01,54,94,1,14
2020-02-26,2020-02-26 11:35:28,2020-02-26 09:15:28,2020-02-26 16:00:28,54,99,1.0,deep,-0.24,24300,22470,8190,2850,11430,1830,92,59.01,54,94,1,14
2020-02-26,2020-02-26 11:40:28,2020-02-26 09:15:28,2020-02-26 16:00:28,54,98,1.0,deep,-0.24,24300,22470,8190,2850,11430,1830,92,59.01,54,94,1,14
2020-02-26,2020-02-26 11:45:28,2020-02-26 09:15:28,2020-02-26 16:00:28,54,90,1.0,deep,-0.24,24300,22470,8190,2850,11430,1830,92,59.01,54,94,1,14
2020-02-26,2020-02-26 11:50:28,2020-02-26 09:15:28,2020-02-26 16:00:28,58,112,1.0,deep,-0.24,24300,22470,8190,2850,11430,1830,92,59.01,54,94,1,14
2020-02-26,2020-02-26 11:55:28,2020-02-26 09:15:28,2020-02-26 16:00:28,55,137,2.0,light,-0.24,24300,22470,8190,2850,11430,1830,92,59.01,54,94,1,14
2020-02-26,2020-02-26 12:00:28,2020-02-26 09:15:28,2020-02-26 16:00:28,61,121,2.0,light,-0.24,24300,22470,8190,2850,11430,1830,92,59.01,54,94,1,14
2020-02-26,2020-02-26 12:05:28,2020-02-26 09:15:28,2020-02-26 16:00:28,59,114,2.0,light,-0.24,24300,22470,8190,2850,11430,1830,92,59.01,54,94,1,14
2020-02-26,2020-02-26 12:10:28,2020-02-26 09:15:28,2020-02-26 16:00:28,61,101,2.0,light,-0.24,24300,22470,8190,2850,11430,1830,92,59.01,54,94,1,14
2020-02-26,2020-02-26 12:15:28,2020-02-26 09:15:28,2020-02-26 16:00:28,62,110,2.0,light,-0.24,24300,22470,8190,2850,11430,1830,92,59.01,54,94,1,14
2020-02-26,2020-02-26 12:20:28,2020-02-26 09:15:28,2020-02-26 16:00:28,57,134,2.0,light,-0.24,24300,22470,8190,2850,11430,1830,92,59.01,54,94,1,14
2020-02-26,2020-02-26 12:25:28,2020-02-26 09:15:28,2020-02-26 16:00:28,60,104,2.0,light,-0.24,24300,22470,8190,2850,11430,1830,92,59.01,54,94,1,14
2020-02-26,2020-02-26 12:30:28,2020-02-26 09:15:28,2020-02-26 16:00:28,60,85,2.0,light,-0.24,24300,22470,8190,2850,11430,1830,92,59.01,54,94,1,14
2020-02-26,2020-02-26 12:35:28,2020-02-26 09:15:28,2020-02-26 16:00:28,57,101,2.0,light,-0.24,24300,22470,8190,2850,11430,1830,92,59.01,54,94,1,14
2020-02-26,2020-02-26 12:40:28,2020-02-26 09:15:28,2020-02-26 16:00:28,58,101,2.0,light,-0.24,24300,22470,8190,2850,11430,1830,92,59.01,54,94,1,14
2020-02-26,2020-02-26 12:45:28,2020-02-26 09:15:28,2020-02-26 16:00:28,58,100,2.0,light,-0.24,24300,22470,8190,2850,11430,1830,92,59.01,54,94,1,14
2020-02-26,2020-02-26 12:50:28,2020-02-26 09:15:28,2020-02-26 16:00:28,58,85,1.0,deep,-0.24,24300,22470,8190,2850,11430,1830,92,59.01,54,94,1,14
2020-02-26,2020-02-26 12:55:28,2020-02-26 09:15:28,2020-02-26 16:00:28,58,81,1.0,deep,-0.24,24300,22470,8190,2850,11430,1830,92,59.01,54,94,1,14
2020-02-26,2020-02-26 13:00:28,2020-02-26 09:15:28,2020-02-26 16:00:28,58,80,1.0,deep,-0.24,24300,22470,8190,2850,11430,1830,92,59.01,54,94,1,14
2020-02-26,2020-02-26 13:05:28,2020-02-26 09:15:28,2020-02-26 16:00:28,59,84,1.0,deep,-0.24,24300,22470,8190,2850,11430,1830,92,59.01,54,94,1,14
2020-02-26,2020-02-26 13:10:28,2020-02-26 09:15:28,2020-02-26 16:00:28,59,87,1.0,deep,-0.24,24300,22470,8190,2850,11430,1830,92,59.01,54,94,1,14
2020-02-26,2020-02-26 13:15:28,2020-02-26 09:15:28,2020-02-26 16:00:28,59,96,2.0,light,-0.24,24300,22470,8190,2850,11430,1830,92,59.01,54,94,1,14
2020-02-26,2020-02-26 13:20:28,2020-02-26 09:15:28,2020-02-26 16:00:28,60,88,2.0,light,-0.24,24300,22470,8190,2850,11430,1830,92,59.01,54,94,1,14
2020-02-26,2020-02-26 13:25:28,2020-02-26 09:15:28,2020-02-26 16:00:28,65,77,2.0,light,-0.24,24300,22470,8190,2850,11430,1830,92,59.01,54,94,1,14
2020-02-26,2020-02-26 13:30:28,2020-02-26 09:15:28,2020-02-26 16:00:28,63,96,2.0,light,-0.24,24300,22470,8190,2850,11430,1830,92,59.01,54,94,1,14
2020-02-26,2020-02-26 13:35:28,2020-02-26 09:15:28,2020-02-26 16:00:28,61,93,2.0,light,-0.24,24300,22470,8190,2850,11430,1830,92,59.01,54,94,1,14
2020-02-26,2020-02-26 13:40:28,2020-02-26 09:15:28,2020-02-26 16:00:28,61,93,2.0,light,-0.24,24300,22470,8190,2850,11430,1830,92,59.01,54,94,1,14
2020-02-26,2020-02-26 13:45:28,2020-02-26 09:15:28,2020-02-26 16:00:28,59,95,1.0,deep,-0.24,24300,22470,8190,2850,11430,1830,92,59.01,54,94,1,14
2020-02-26,2020-02-26 13:50:28,2020-02-26 09:15:28,2020-02-26 16:00:28,58,104,1.0,deep,-0.24,24300,22470,8190,2850,11430,1830,92,59.01,54,94,1,14
2020-02-26,2020-02-26 13:55:28,2020-02-26 09:15:28,2020-02-26 16:00:28,57,98,1.0,deep,-0.24,24300,22470,8190,2850,11430,1830,92,59.01,54,94,1,14
2020-02-26,2020-02-26 14:00:28,2020-02-26 09:15:28,2020-02-26 16:00:28,58,94,1.0,deep,-0.24,24300,22470,8190,2850,11430,1830,92,59.01,54,94,1,14
2020-02-26,2020-02-26 14:05:28,2020-02-26 09:15:28,2020-02-26 16:00:28,58,108,1.0,deep,-0.24,24300,22470,8190,2850,11430,1830,92,59.01,54,94,1,14
2020-02-26,2020-02-26 14:10:28,2020-02-26 09:15:28,2020-02-26 16:00:28,59,117,2.0,light,-0.24,24300,22470,8190,2850,11430,1830,92,59.01,54,94,1,14
2020-02-26,2020-02-26 14:15:28,2020-02-26 09:15:28,2020-02-26 16:00:28,59,99,2.0,light,-0.24,24300,22470,8190,2850,11430,1830,92,59.01,54,94,1,14
2020-02-26,2020-02-26 14:20:28,2020-02-26 09:15:28,2020-02-26 16:00:28,57,117,2.0,light,-0.24,24300,22470,8190,2850,11430,1830,92,59.01,54,94,1,14
2020-02-26,2020-02-26 14:25:28,2020-02-26 09:15:28,2020-02-26 16:00:28,59,87,2.0,light,-0.24,24300,22470,8190,2850,11430,1830,92,59.01,54,94,1,14
2020-02-26,2020-02-26 14:30:28,2020-02-26 09:15:28,2020-02-26 16:00:28,58,108,2.0,light,-0.24,24300,22470,8190,2850,11430,1830,92,59.01,54,94,1,14
2020-02-26,2020-02-26 14:35:28,2020-02-26 09:15:28,2020-02-26 16:00:28,56,125,2.0,light,-0.24,24300,22470,8190,2850,11430,1830,92,59.01,54,94,1,14
2020-02-26,2020-02-26 14:40:28,2020-02-26 09:15:28,2020-02-26 16:00:28,58,130,2.0,light,-0.24,24300,22470,8190,2850,11430,1830,92,59.01,54,94,1,14
2020-02-26,2020-02-26 14:45:28,2020-02-26 09:15:28,2020-02-26 16:00:28,58,117,2.0,light,-0.24,24300,22470,8190,2850,11430,1830,92,59.01,54,94,1,14
2020-02-26,2020-02-26 14:50:28,2020-02-26 09:15:28,2020-02-26 16:00:28,58,110,2.0,light,-0.24,24300,22470,8190,2850,11430,1830,92,59.01,54,94,1,14
2020-02-26,2020-02-26 14:55:28,2020-02-26 09:15:28,2020-02-26 16:00:28,62,80,2.0,light,-0.24,24300,22470,8190,2850,11430,1830,92,59.01,54,94,1,14
2020-02-26,2020-02-26 15:00:28,2020-02-26 09:15:28,2020-02-26 16:00:28,61,75,3.0,REM,-0.24,24300,22470,8190,2850,11430,1830,92,59.01,54,94,1,14
2020-02-26,2020-02-26 15:05:28,2020-02-26 09:15:28,2020-02-26 16:00:28,63,73,3.0,REM,-0.24,24300,22470,8190,2850,11430,1830,92,59.01,54,94,1,14
2020-02-26,2020-02-26 15:10:28,2020-02-26 09:15:28,2020-02-26 16:00:28,63,75,3.0,REM,-0.24,24300,22470,8190,2850,11430,1830,92,59.01,54,94,1,14
2020-02-26,2020-02-26 15:15:28,2020-02-26 09:15:28,2020-02-26 16:00:28,62,78,3.0,REM,-0.24,24300,22470,8190,2850,11430,1830,92,59.01,54,94,1,14
2020-02-26,2020-02-26 15:20:28,2020-02-26 09:15:28,2020-02-26 16:00:28,61,90,1.0,deep,-0.24,24300,22470,8190,2850,11430,1830,92,59.01,54,94,1,14
2020-02-26,2020-02-26 15:25:28,2020-02-26 09:15:28,2020-02-26 16:00:28,60,97,1.0,deep,-0.24,24300,22470,8190,2850,11430,1830,92,59.01,54,94,1,14
2020-02-26,2020-02-26 15:30:28,2020-02-26 09:15:28,2020-02-26 16:00:28,59,87,3.0,REM,-0.24,24300,22470,8190,2850,11430,1830,92,59.01,54,94,1,14
2020-02-26,2020-02-26 15:35:28,2020-02-26 09:15:28,2020-02-26 16:00:28,61,91,3.0,REM,-0.24,24300,22470,8190,2850,11430,1830,92,59.01,54,94,1,14
2020-02-26,2020-02-26 15:40:28,2020-02-26 09:15:28,2020-02-26 16:00:28,61,107,3.0,REM,-0.24,24300,22470,8190,2850,11430,1830,92,59.01,54,94,1,14
2020-02-26,2020-02-26 15:45:28,2020-02-26 09:15:28,2020-02-26 16:00:28,61,118,3.0,REM,-0.24,24300,22470,8190,2850,11430,1830,92,59.01,54,94,1,14
2020-02-26,2020-02-26 15:50:28,2020-02-26 09:15:28,2020-02-26 16:00:28,58,115,2.0,light,-0.24,24300,22470,8190,2850,11430,1830,92,59.01,54,94,1,14
2020-02-26,2020-02-26 15:55:28,2020-02-26 09:15:28,2020-02-26 16:00:28,62,98,4.0,awake,-0.24,24300,22470,8190,2850,11430,1830,92,59.01,54,94,1,14
2020-02-26,2020-02-26 16:00:28,2020-02-26 09:15:28,2020-02-26 16:00:28,0,0,,,-0.24,24300,22470,8190,2850,11430,1830,92,59.01,54,94,1,14
2020-02-27,2020-02-27 09:49:27,2020-02-27 09:49:27,2020-02-27 16:07:27,0,0,4.0,awake,,22680,18540,8820,2310,7410,4140,82,58.28,54,131,3,15
2020-02-27,2020-02-27 09:54:27,2020-02-27 09:49:27,2020-02-27 16:07:27,0,0,4.0,awake,,22680,18540,8820,2310,7410,4140,82,58.28,54,131,3,15
2020-02-27,2020-02-27 09:59:27,2020-02-27 09:49:27,2020-02-27 16:07:27,0,0,2.0,light,,22680,18540,8820,2310,7410,4140,82,58.28,54,131,3,15
2020-02-27,2020-02-27 10:04:27,2020-02-27 09:49:27,2020-02-27 16:07:27,0,0,1.0,deep,,22680,18540,8820,2310,7410,4140,82,58.28,54,131,3,15
2020-02-27,2020-02-27 10:09:27,2020-02-27 09:49:27,2020-02-27 16:07:27,0,0,1.0,deep,,22680,18540,8820,2310,7410,4140,82,58.28,54,131,3,15
2020-02-27,2020-02-27 10:14:27,2020-02-27 09:49:27,2020-02-27 16:07:27,0,0,1.0,deep,,22680,18540,8820,2310,7410,4140,82,58.28,54,131,3,15
2020-02-27,2020-02-27 10:19:27,2020-02-27 09:49:27,2020-02-27 16:07:27,0,0,1.0,deep,,22680,18540,8820,2310,7410,4140,82,58.28,54,131,3,15
2020-02-27,2020-02-27 10:24:27,2020-02-27 09:49:27,2020-02-27 16:07:27,0,0,1.0,deep,,22680,18540,8820,2310,7410,4140,82,58.28,54,131,3,15
2020-02-27,2020-02-27 10:29:27,2020-02-27 09:49:27,2020-02-27 16:07:27,0,0,1.0,deep,,22680,18540,8820,2310,7410,4140,82,58.28,54,131,3,15
2020-02-27,2020-02-27 10:34:27,2020-02-27 09:49:27,2020-02-27 16:07:27,0,0,1.0,deep,,22680,18540,8820,2310,7410,4140,82,58.28,54,131,3,15
2020-02-27,2020-02-27 10:39:27,2020-02-27 09:49:27,2020-02-27 16:07:27,0,0,1.0,deep,,22680,18540,8820,2310,7410,4140,82,58.28,54,131,3,15
2020-02-27,2020-02-27 10:44:27,2020-02-27 09:49:27,2020-02-27 16:07:27,0,0,1.0,deep,,22680,18540,8820,2310,7410,4140,82,58.28,54,131,3,15
2020-02-27,2020-02-27 10:49:27,2020-02-27 09:49:27,2020-02-27 16:07:27,0,0,1.0,deep,,22680,18540,8820,2310,7410,4140,82,58.28,54,131,3,15
2020-02-27,2020-02-27 10:54:27,2020-02-27 09:49:27,2020-02-27 16:07:27,0,0,1.0,deep,,22680,18540,8820,2310,7410,4140,82,58.28,54,131,3,15
2020-02-27,2020-02-27 10:59:27,2020-02-27 09:49:27,2020-02-27 16:07:27,0,0,1.0,deep,,22680,18540,8820,2310,7410,4140,82,58.28,54,131,3,15
2020-02-27,2020-02-27 11:04:27,2020-02-27 09:49:27,2020-02-27 16:07:27,0,0,1.0,deep,,22680,18540,8820,2310,7410,4140,82,58.28,54,131,3,15
2020-02-27,2020-02-27 11:09:27,2020-02-27 09:49:27,2020-02-27 16:07:27,0,0,2.0,light,,22680,18540,8820,2310,7410,4140,82,58.28,54,131,3,15
2020-02-27,2020-02-27 11:14:27,2020-02-27 09:49:27,2020-02-27 16:07:27,0,0,2.0,light,,22680,18540,8820,2310,7410,4140,82,58.28,54,131,3,15
2020-02-27,2020-02-27 11:19:27,2020-02-27 09:49:27,2020-02-27 16:07:27,0,0,2.0,light,,22680,18540,8820,2310,7410,4140,82,58.28,54,131,3,15
2020-02-27,2020-02-27 11:24:27,2020-02-27 09:49:27,2020-02-27 16:07:27,0,0,2.0,light,,22680,18540,8820,2310,7410,4140,82,58.28,54,131,3,15
2020-02-27,2020-02-27 11:29:27,2020-02-27 09:49:27,2020-02-27 16:07:27,0,0,1.0,deep,,22680,18540,8820,2310,7410,4140,82,58.28,54,131,3,15
2020-02-27,2020-02-27 11:34:27,2020-02-27 09:49:27,2020-02-27 16:07:27,0,0,1.0,deep,,22680,18540,8820,2310,7410,4140,82,58.28,54,131,3,15
2020-02-27,2020-02-27 11:39:27,2020-02-27 09:49:27,2020-02-27 16:07:27,0,0,1.0,deep,,22680,18540,8820,2310,7410,4140,82,58.28,54,131,3,15
2020-02-27,2020-02-27 11:44:27,2020-02-27 09:49:27,2020-02-27 16:07:27,0,0,1.0,deep,,22680,18540,8820,2310,7410,4140,82,58.28,54,131,3,15
2020-02-27,2020-02-27 11:49:27,2020-02-27 09:49:27,2020-02-27 16:07:27,0,0,1.0,deep,,22680,18540,8820,2310,7410,4140,82,58.28,54,131,3,15
2020-02-27,2020-02-27 11:54:27,2020-02-27 09:49:27,2020-02-27 16:07:27,0,0,1.0,deep,,22680,18540,8820,2310,7410,4140,82,58.28,54,131,3,15
2020-02-27,2020-02-27 11:59:27,2020-02-27 09:49:27,2020-02-27 16:07:27,0,0,2.0,light,,22680,18540,8820,2310,7410,4140,82,58.28,54,131,3,15
2020-02-27,2020-02-27 12:04:27,2020-02-27 09:49:27,2020-02-27 16:07:27,0,0,1.0,deep,,22680,18540,8820,2310,7410,4140,82,58.28,54,131,3,15
2020-02-27,2020-02-27 12:09:27,2020-02-27 09:49:27,2020-02-27 16:07:27,0,0,1.0,deep,,22680,18540,8820,2310,7410,4140,82,58.28,54,131,3,15
2020-02-27,2020-02-27 12:14:27,2020-02-27 09:49:27,2020-02-27 16:07:27,0,0,1.0,deep,,22680,18540,8820,2310,7410,4140,82,58.28,54,131,3,15
2020-02-27,2020-02-27 12:19:27,2020-02-27 09:49:27,2020-02-27 16:07:27,0,0,3.0,REM,,22680,18540,8820,2310,7410,4140,82,58.28,54,131,3,15
2020-02-27,2020-02-27 12:24:27,2020-02-27 09:49:27,2020-02-27 16:07:27,0,0,2.0,light,,22680,18540,8820,2310,7410,4140,82,58.28,54,131,3,15
2020-02-27,2020-02-27 12:29:27,2020-02-27 09:49:27,2020-02-27 16:07:27,0,0,2.0,light,,22680,18540,8820,2310,7410,4140,82,58.28,54,131,3,15
2020-02-27,2020-02-27 12:34:27,2020-02-27 09:49:27,2020-02-27 16:07:27,0,0,3.0,REM,,22680,18540,8820,2310,7410,4140,82,58.28,54,131,3,15
2020-02-27,2020-02-27 12:39:27,2020-02-27 09:49:27,2020-02-27 16:07:27,0,0,3.0,REM,,22680,18540,8820,2310,7410,4140,82,58.28,54,131,3,15
2020-02-27,2020-02-27 12:44:27,2020-02-27 09:49:27,2020-02-27 16:07:27,0,0,3.0,REM,,22680,18540,8820,2310,7410,4140,82,58.28,54,131,3,15
2020-02-27,2020-02-27 12:49:27,2020-02-27 09:49:27,2020-02-27 16:07:27,0,0,2.0,light,,22680,18540,8820,2310,7410,4140,82,58.28,54,131,3,15
2020-02-27,2020-02-27 12:54:27,2020-02-27 09:49:27,2020-02-27 16:07:27,0,0,2.0,light,,22680,18540,8820,2310,7410,4140,82,58.28,54,131,3,15
2020-02-27,2020-02-27 12:59:27,2020-02-27 09:49:27,2020-02-27 16:07:27,0,0,2.0,light,,22680,18540,8820,2310,7410,4140,82,58.28,54,131,3,15
2020-02-27,2020-02-27 13:04:27,2020-02-27 09:49:27,2020-02-27 16:07:27,0,0,1.0,deep,,22680,18540,8820,2310,7410,4140,82,58.28,54,131,3,15
2020-02-27,2020-02-27 13:09:27,2020-02-27 09:49:27,2020-02-27 16:07:27,0,0,1.0,deep,,22680,18540,8820,2310,7410,4140,82,58.28,54,131,3,15
2020-02-27,2020-02-27 13:14:27,2020-02-27 09:49:27,2020-02-27 16:07:27,0,0,1.0,deep,,22680,18540,8820,2310,7410,4140,82,58.28,54,131,3,15
2020-02-27,2020-02-27 13:19:27,2020-02-27 09:49:27,2020-02-27 16:07:27,0,0,1.0,deep,,22680,18540,8820,2310,7410,4140,82,58.28,54,131,3,15
2020-02-27,2020-02-27 13:24:27,2020-02-27 09:49:27,2020-02-27 16:07:27,0,0,1.0,deep,,22680,18540,8820,2310,7410,4140,82,58.28,54,131,3,15
2020-02-27,2020-02-27 13:29:27,2020-02-27 09:49:27,2020-02-27 16:07:27,0,0,1.0,deep,,22680,18540,8820,2310,7410,4140,82,58.28,54,131,3,15
2020-02-27,2020-02-27 13:34:27,2020-02-27 09:49:27,2020-02-27 16:07:27,0,0,1.0,deep,,22680,18540,8820,2310,7410,4140,82,58.28,54,131,3,15
2020-02-27,2020-02-27 13:39:27,2020-02-27 09:49:27,2020-02-27 16:07:27,0,0,2.0,light,,22680,18540,8820,2310,7410,4140,82,58.28,54,131,3,15
2020-02-27,2020-02-27 13:44:27,2020-02-27 09:49:27,2020-02-27 16:07:27,0,0,2.0,light,,22680,18540,8820,2310,7410,4140,82,58.28,54,131,3,15
2020-02-27,2020-02-27 13:49:27,2020-02-27 09:49:27,2020-02-27 16:07:27,0,0,2.0,light,,22680,18540,8820,2310,7410,4140,82,58.28,54,131,3,15
2020-02-27,2020-02-27 13:54:27,2020-02-27 09:49:27,2020-02-27 16:07:27,59,161,2.0,light,,22680,18540,8820,2310,7410,4140,82,58.28,54,131,3,15
2020-02-27,2020-02-27 13:59:27,2020-02-27 09:49:27,2020-02-27 16:07:27,0,0,3.0,REM,,22680,18540,8820,2310,7410,4140,82,58.28,54,131,3,15
2020-02-27,2020-02-27 14:04:27,2020-02-27 09:49:27,2020-02-27 16:07:27,58,154,4.0,awake,,22680,18540,8820,2310,7410,4140,82,58.28,54,131,3,15
2020-02-27,2020-02-27 14:09:27,2020-02-27 09:49:27,2020-02-27 16:07:27,54,127,4.0,awake,,22680,18540,8820,2310,7410,4140,82,58.28,54,131,3,15
2020-02-27,2020-02-27 14:14:27,2020-02-27 09:49:27,2020-02-27 16:07:27,59,140,2.0,light,,22680,18540,8820,2310,7410,4140,82,58.28,54,131,3,15
2020-02-27,2020-02-27 14:19:27,2020-02-27 09:49:27,2020-02-27 16:07:27,62,115,2.0,light,,22680,18540,8820,2310,7410,4140,82,58.28,54,131,3,15
2020-02-27,2020-02-27 14:24:27,2020-02-27 09:49:27,2020-02-27 16:07:27,0,0,4.0,awake,,22680,18540,8820,2310,7410,4140,82,58.28,54,131,3,15
2020-02-27,2020-02-27 14:29:27,2020-02-27 09:49:27,2020-02-27 16:07:27,0,0,3.0,REM,,22680,18540,8820,2310,7410,4140,82,58.28,54,131,3,15
2020-02-27,2020-02-27 14:34:27,2020-02-27 09:49:27,2020-02-27 16:07:27,0,0,4.0,awake,,22680,18540,8820,2310,7410,4140,82,58.28,54,131,3,15
2020-02-27,2020-02-27 14:39:27,2020-02-27 09:49:27,2020-02-27 16:07:27,0,0,3.0,REM,,22680,18540,8820,2310,7410,4140,82,58.28,54,131,3,15
2020-02-27,2020-02-27 14:44:27,2020-02-27 09:49:27,2020-02-27 16:07:27,0,0,3.0,REM,,22680,18540,8820,2310,7410,4140,82,58.28,54,131,3,15
2020-02-27,2020-02-27 14:49:27,2020-02-27 09:49:27,2020-02-27 16:07:27,0,0,4.0,awake,,22680,18540,8820,2310,7410,4140,82,58.28,54,131,3,15
2020-02-27,2020-02-27 14:54:27,2020-02-27 09:49:27,2020-02-27 16:07:27,0,0,4.0,awake,,22680,18540,8820,2310,7410,4140,82,58.28,54,131,3,15
2020-02-27,2020-02-27 14:59:27,2020-02-27 09:49:27,2020-02-27 16:07:27,60,123,4.0,awake,,22680,18540,8820,2310,7410,4140,82,58.28,54,131,3,15
2020-02-27,2020-02-27 15:04:27,2020-02-27 09:49:27,2020-02-27 16:07:27,58,125,2.0,light,,22680,18540,8820,2310,7410,4140,82,58.28,54,131,3,15
2020-02-27,2020-02-27 15:09:27,2020-02-27 09:49:27,2020-02-27 16:07:27,57,120,2.0,light,,22680,18540,8820,2310,7410,4140,82,58.28,54,131,3,15
2020-02-27,2020-02-27 15:14:27,2020-02-27 09:49:27,2020-02-27 16:07:27,56,167,2.0,light,,22680,18540,8820,2310,7410,4140,82,58.28,54,131,3,15
2020-02-27,2020-02-27 15:19:27,2020-02-27 09:49:27,2020-02-27 16:07:27,56,161,2.0,light,,22680,18540,8820,2310,7410,4140,82,58.28,54,131,3,15
2020-02-27,2020-02-27 15:24:27,2020-02-27 09:49:27,2020-02-27 16:07:27,58,159,3.0,REM,,22680,18540,8820,2310,7410,4140,82,58.28,54,131,3,15
2020-02-27,2020-02-27 15:29:27,2020-02-27 09:49:27,2020-02-27 16:07:27,59,119,4.0,awake,,22680,18540,8820,2310,7410,4140,82,58.28,54,131,3,15
2020-02-27,2020-02-27 15:34:27,2020-02-27 09:49:27,2020-02-27 16:07:27,60,110,4.0,awake,,22680,18540,8820,2310,7410,4140,82,58.28,54,131,3,15
2020-02-27,2020-02-27 15:39:27,2020-02-27 09:49:27,2020-02-27 16:07:27,59,113,2.0,light,,22680,18540,8820,2310,7410,4140,82,58.28,54,131,3,15
2020-02-27,2020-02-27 15:44:27,2020-02-27 09:49:27,2020-02-27 16:07:27,59,93,4.0,awake,,22680,18540,8820,2310,7410,4140,82,58.28,54,131,3,15
2020-02-27,2020-02-27 15:49:27,2020-02-27 09:49:27,2020-02-27 16:07:27,58,106,2.0,light,,22680,18540,8820,2310,7410,4140,82,58.28,54,131,3,15
2020-02-27,2020-02-27 15:54:27,2020-02-27 09:49:27,2020-02-27 16:07:27,57,95,2.0,light,,22680,18540,8820,2310,7410,4140,82,58.28,54,131,3,15
2020-02-27,2020-02-27 15:59:27,2020-02-27 09:49:27,2020-02-27 16:07:27,60,108,4.0,awake,,22680,18540,8820,2310,7410,4140,82,58.28,54,131,3,15
2020-02-27,2020-02-27 16:04:27,2020-02-27 09:49:27,2020-02-27 16:07:27,0,0,4.0,awake,,22680,18540,8820,2310,7410,4140,82,58.28,54,131,3,15
2020-02-28,2020-02-28 09:26:02,2020-02-28 09:26:02,2020-02-28 17:04:02,70,75,4.0,awake,-0.03,27480,24690,7950,3480,13260,2790,90,57.06,50,108,2,22
2020-02-28,2020-02-28 09:31:02,2020-02-28 09:26:02,2020-02-28 17:04:02,64,90,4.0,awake,-0.03,27480,24690,7950,3480,13260,2790,90,57.06,50,108,2,22
2020-02-28,2020-02-28 09:36:02,2020-02-28 09:26:02,2020-02-28 17:04:02,61,81,2.0,light,-0.03,27480,24690,7950,3480,13260,2790,90,57.06,50,108,2,22
2020-02-28,2020-02-28 09:41:02,2020-02-28 09:26:02,2020-02-28 17:04:02,60,74,1.0,deep,-0.03,27480,24690,7950,3480,13260,2790,90,57.06,50,108,2,22
2020-02-28,2020-02-28 09:46:02,2020-02-28 09:26:02,2020-02-28 17:04:02,66,101,4.0,awake,-0.03,27480,24690,7950,3480,13260,2790,90,57.06,50,108,2,22
2020-02-28,2020-02-28 09:51:02,2020-02-28 09:26:02,2020-02-28 17:04:02,59,102,4.0,awake,-0.03,27480,24690,7950,3480,13260,2790,90,57.06,50,108,2,22
2020-02-28,2020-02-28 09:56:02,2020-02-28 09:26:02,2020-02-28 17:04:02,55,71,2.0,light,-0.03,27480,24690,7950,3480,13260,2790,90,57.06,50,108,2,22
2020-02-28,2020-02-28 10:01:02,2020-02-28 09:26:02,2020-02-28 17:04:02,55,70,2.0,light,-0.03,27480,24690,7950,3480,13260,2790,90,57.06,50,108,2,22
2020-02-28,2020-02-28 10:06:02,2020-02-28 09:26:02,2020-02-28 17:04:02,55,70,1.0,deep,-0.03,27480,24690,7950,3480,13260,2790,90,57.06,50,108,2,22
2020-02-28,2020-02-28 10:11:02,2020-02-28 09:26:02,2020-02-28 17:04:02,54,68,1.0,deep,-0.03,27480,24690,7950,3480,13260,2790,90,57.06,50,108,2,22
2020-02-28,2020-02-28 10:16:02,2020-02-28 09:26:02,2020-02-28 17:04:02,55,72,1.0,deep,-0.03,27480,24690,7950,3480,13260,2790,90,57.06,50,108,2,22
2020-02-28,2020-02-28 10:21:02,2020-02-28 09:26:02,2020-02-28 17:04:02,55,74,1.0,deep,-0.03,27480,24690,7950,3480,13260,2790,90,57.06,50,108,2,22
2020-02-28,2020-02-28 10:26:02,2020-02-28 09:26:02,2020-02-28 17:04:02,57,96,1.0,deep,-0.03,27480,24690,7950,3480,13260,2790,90,57.06,50,108,2,22
2020-02-28,2020-02-28 10:31:02,2020-02-28 09:26:02,2020-02-28 17:04:02,62,115,2.0,light,-0.03,27480,24690,7950,3480,13260,2790,90,57.06,50,108,2,22
2020-02-28,2020-02-28 10:36:02,2020-02-28 09:26:02,2020-02-28 17:04:02,64,127,2.0,light,-0.03,27480,24690,7950,3480,13260,2790,90,57.06,50,108,2,22
2020-02-28,2020-02-28 10:41:02,2020-02-28 09:26:02,2020-02-28 17:04:02,67,97,2.0,light,-0.03,27480,24690,7950,3480,13260,2790,90,57.06,50,108,2,22
2020-02-28,2020-02-28 10:46:02,2020-02-28 09:26:02,2020-02-28 17:04:02,65,112,2.0,light,-0.03,27480,24690,7950,3480,13260,2790,90,57.06,50,108,2,22
2020-02-28,2020-02-28 10:51:02,2020-02-28 09:26:02,2020-02-28 17:04:02,63,115,2.0,light,-0.03,27480,24690,7950,3480,13260,2790,90,57.06,50,108,2,22
2020-02-28,2020-02-28 10:56:02,2020-02-28 09:26:02,2020-02-28 17:04:02,63,117,1.0,deep,-0.03,27480,24690,7950,3480,13260,2790,90,57.06,50,108,2,22
2020-02-28,2020-02-28 11:01:02,2020-02-28 09:26:02,2020-02-28 17:04:02,62,104,2.0,light,-0.03,27480,24690,7950,3480,13260,2790,90,57.06,50,108,2,22
2020-02-28,2020-02-28 11:06:02,2020-02-28 09:26:02,2020-02-28 17:04:02,59,100,2.0,light,-0.03,27480,24690,7950,3480,13260,2790,90,57.06,50,108,2,22
2020-02-28,2020-02-28 11:11:02,2020-02-28 09:26:02,2020-02-28 17:04:02,61,94,1.0,deep,-0.03,27480,24690,7950,3480,13260,2790,90,57.06,50,108,2,22
2020-02-28,2020-02-28 11:16:02,2020-02-28 09:26:02,2020-02-28 17:04:02,57,87,2.0,light,-0.03,27480,24690,7950,3480,13260,2790,90,57.06,50,108,2,22
2020-02-28,2020-02-28 11:21:02,2020-02-28 09:26:02,2020-02-28 17:04:02,56,77,2.0,light,-0.03,27480,24690,7950,3480,13260,2790,90,57.06,50,108,2,22
2020-02-28,2020-02-28 11:26:02,2020-02-28 09:26:02,2020-02-28 17:04:02,56,79,1.0,deep,-0.03,27480,24690,7950,3480,13260,2790,90,57.06,50,108,2,22
2020-02-28,2020-02-28 11:31:02,2020-02-28 09:26:02,2020-02-28 17:04:02,57,83,1.0,deep,-0.03,27480,24690,7950,3480,13260,2790,90,57.06,50,108,2,22
2020-02-28,2020-02-28 11:36:02,2020-02-28 09:26:02,2020-02-28 17:04:02,57,80,1.0,deep,-0.03,27480,24690,7950,3480,13260,2790,90,57.06,50,108,2,22
2020-02-28,2020-02-28 11:41:02,2020-02-28 09:26:02,2020-02-28 17:04:02,56,78,1.0,deep,-0.03,27480,24690,7950,3480,13260,2790,90,57.06,50,108,2,22
2020-02-28,2020-02-28 11:46:02,2020-02-28 09:26:02,2020-02-28 17:04:02,56,81,1.0,deep,-0.03,27480,24690,7950,3480,13260,2790,90,57.06,50,108,2,22
2020-02-28,2020-02-28 11:51:02,2020-02-28 09:26:02,2020-02-28 17:04:02,55,102,1.0,deep,-0.03,27480,24690,7950,3480,13260,2790,90,57.06,50,108,2,22
2020-02-28,2020-02-28 11:56:02,2020-02-28 09:26:02,2020-02-28 17:04:02,55,125,2.0,light,-0.03,27480,24690,7950,3480,13260,2790,90,57.06,50,108,2,22
2020-02-28,2020-02-28 12:01:02,2020-02-28 09:26:02,2020-02-28 17:04:02,56,120,3.0,REM,-0.03,27480,24690,7950,3480,13260,2790,90,57.06,50,108,2,22
2020-02-28,2020-02-28 12:06:02,2020-02-28 09:26:02,2020-02-28 17:04:02,0,0,3.0,REM,-0.03,27480,24690,7950,3480,13260,2790,90,57.06,50,108,2,22
2020-02-28,2020-02-28 12:11:02,2020-02-28 09:26:02,2020-02-28 17:04:02,55,105,3.0,REM,-0.03,27480,24690,7950,3480,13260,2790,90,57.06,50,108,2,22
2020-02-28,2020-02-28 12:16:02,2020-02-28 09:26:02,2020-02-28 17:04:02,53,136,2.0,light,-0.03,27480,24690,7950,3480,13260,2790,90,57.06,50,108,2,22
2020-02-28,2020-02-28 12:21:02,2020-02-28 09:26:02,2020-02-28 17:04:02,55,122,2.0,light,-0.03,27480,24690,7950,3480,13260,2790,90,57.06,50,108,2,22
2020-02-28,2020-02-28 12:26:02,2020-02-28 09:26:02,2020-02-28 17:04:02,57,87,2.0,light,-0.03,27480,24690,7950,3480,13260,2790,90,57.06,50,108,2,22
2020-02-28,2020-02-28 12:31:02,2020-02-28 09:26:02,2020-02-28 17:04:02,56,95,2.0,light,-0.03,27480,24690,7950,3480,13260,2790,90,57.06,50,108,2,22
2020-02-28,2020-02-28 12:36:02,2020-02-28 09:26:02,2020-02-28 17:04:02,54,81,2.0,light,-0.03,27480,24690,7950,3480,13260,2790,90,57.06,50,108,2,22
2020-02-28,2020-02-28 12:41:02,2020-02-28 09:26:02,2020-02-28 17:04:02,56,77,1.0,deep,-0.03,27480,24690,7950,3480,13260,2790,90,57.06,50,108,2,22
2020-02-28,2020-02-28 12:46:02,2020-02-28 09:26:02,2020-02-28 17:04:02,55,71,1.0,deep,-0.03,27480,24690,7950,3480,13260,2790,90,57.06,50,108,2,22
2020-02-28,2020-02-28 12:51:02,2020-02-28 09:26:02,2020-02-28 17:04:02,55,78,1.0,deep,-0.03,27480,24690,7950,3480,13260,2790,90,57.06,50,108,2,22
2020-02-28,2020-02-28 12:56:02,2020-02-28 09:26:02,2020-02-28 17:04:02,56,84,1.0,deep,-0.03,27480,24690,7950,3480,13260,2790,90,57.06,50,108,2,22
2020-02-28,2020-02-28 13:01:02,2020-02-28 09:26:02,2020-02-28 17:04:02,54,89,2.0,light,-0.03,27480,24690,7950,3480,13260,2790,90,57.06,50,108,2,22
2020-02-28,2020-02-28 13:06:02,2020-02-28 09:26:02,2020-02-28 17:04:02,54,103,2.0,light,-0.03,27480,24690,7950,3480,13260,2790,90,57.06,50,108,2,22
2020-02-28,2020-02-28 13:11:02,2020-02-28 09:26:02,2020-02-28 17:04:02,53,89,2.0,light,-0.03,27480,24690,7950,3480,13260,2790,90,57.06,50,108,2,22
2020-02-28,2020-02-28 13:16:02,2020-02-28 09:26:02,2020-02-28 17:04:02,53,91,1.0,deep,-0.03,27480,24690,7950,3480,13260,2790,90,57.06,50,108,2,22
2020-02-28,2020-02-28 13:21:02,2020-02-28 09:26:02,2020-02-28 17:04:02,54,93,1.0,deep,-0.03,27480,24690,7950,3480,13260,2790,90,57.06,50,108,2,22
2020-02-28,2020-02-28 13:26:02,2020-02-28 09:26:02,2020-02-28 17:04:02,55,97,1.0,deep,-0.03,27480,24690,7950,3480,13260,2790,90,57.06,50,108,2,22
2020-02-28,2020-02-28 13:31:02,2020-02-28 09:26:02,2020-02-28 17:04:02,55,97,1.0,deep,-0.03,27480,24690,7950,3480,13260,2790,90,57.06,50,108,2,22
2020-02-28,2020-02-28 13:36:02,2020-02-28 09:26:02,2020-02-28 17:04:02,54,89,1.0,deep,-0.03,27480,24690,7950,3480,13260,2790,90,57.06,50,108,2,22
2020-02-28,2020-02-28 13:41:02,2020-02-28 09:26:02,2020-02-28 17:04:02,59,96,1.0,deep,-0.03,27480,24690,7950,3480,13260,2790,90,57.06,50,108,2,22
2020-02-28,2020-02-28 13:46:02,2020-02-28 09:26:02,2020-02-28 17:04:02,59,124,2.0,light,-0.03,27480,24690,7950,3480,13260,2790,90,57.06,50,108,2,22
2020-02-28,2020-02-28 13:51:02,2020-02-28 09:26:02,2020-02-28 17:04:02,60,125,3.0,REM,-0.03,27480,24690,7950,3480,13260,2790,90,57.06,50,108,2,22
2020-02-28,2020-02-28 13:56:02,2020-02-28 09:26:02,2020-02-28 17:04:02,62,127,3.0,REM,-0.03,27480,24690,7950,3480,13260,2790,90,57.06,50,108,2,22
2020-02-28,2020-02-28 14:01:02,2020-02-28 09:26:02,2020-02-28 17:04:02,61,120,3.0,REM,-0.03,27480,24690,7950,3480,13260,2790,90,57.06,50,108,2,22
2020-02-28,2020-02-28 14:06:02,2020-02-28 09:26:02,2020-02-28 17:04:02,61,107,3.0,REM,-0.03,27480,24690,7950,3480,13260,2790,90,57.06,50,108,2,22
2020-02-28,2020-02-28 14:11:02,2020-02-28 09:26:02,2020-02-28 17:04:02,59,120,3.0,REM,-0.03,27480,24690,7950,3480,13260,2790,90,57.06,50,108,2,22
2020-02-28,2020-02-28 14:16:02,2020-02-28 09:26:02,2020-02-28 17:04:02,59,126,4.0,awake,-0.03,27480,24690,7950,3480,13260,2790,90,57.06,50,108,2,22
2020-02-28,2020-02-28 14:21:02,2020-02-28 09:26:02,2020-02-28 17:04:02,61,124,3.0,REM,-0.03,27480,24690,7950,3480,13260,2790,90,57.06,50,108,2,22
2020-02-28,2020-02-28 14:26:02,2020-02-28 09:26:02,2020-02-28 17:04:02,54,171,2.0,light,-0.03,27480,24690,7950,3480,13260,2790,90,57.06,50,108,2,22
2020-02-28,2020-02-28 14:31:02,2020-02-28 09:26:02,2020-02-28 17:04:02,54,176,2.0,light,-0.03,27480,24690,7950,3480,13260,2790,90,57.06,50,108,2,22
2020-02-28,2020-02-28 14:36:02,2020-02-28 09:26:02,2020-02-28 17:04:02,53,160,2.0,light,-0.03,27480,24690,7950,3480,13260,2790,90,57.06,50,108,2,22
2020-02-28,2020-02-28 14:41:02,2020-02-28 09:26:02,2020-02-28 17:04:02,54,117,2.0,light,-0.03,27480,24690,7950,3480,13260,2790,90,57.06,50,108,2,22
2020-02-28,2020-02-28 14:46:02,2020-02-28 09:26:02,2020-02-28 17:04:02,54,112,2.0,light,-0.03,27480,24690,7950,3480,13260,2790,90,57.06,50,108,2,22
2020-02-28,2020-02-28 14:51:02,2020-02-28 09:26:02,2020-02-28 17:04:02,59,116,2.0,light,-0.03,27480,24690,7950,3480,13260,2790,90,57.06,50,108,2,22
2020-02-28,2020-02-28 14:56:02,2020-02-28 09:26:02,2020-02-28 17:04:02,56,114,2.0,light,-0.03,27480,24690,7950,3480,13260,2790,90,57.06,50,108,2,22
2020-02-28,2020-02-28 15:01:02,2020-02-28 09:26:02,2020-02-28 17:04:02,55,106,2.0,light,-0.03,27480,24690,7950,3480,13260,2790,90,57.06,50,108,2,22
2020-02-28,2020-02-28 15:06:02,2020-02-28 09:26:02,2020-02-28 17:04:02,55,114,2.0,light,-0.03,27480,24690,7950,3480,13260,2790,90,57.06,50,108,2,22
2020-02-28,2020-02-28 15:11:02,2020-02-28 09:26:02,2020-02-28 17:04:02,55,126,2.0,light,-0.03,27480,24690,7950,3480,13260,2790,90,57.06,50,108,2,22
2020-02-28,2020-02-28 15:16:02,2020-02-28 09:26:02,2020-02-28 17:04:02,57,137,2.0,light,-0.03,27480,24690,7950,3480,13260,2790,90,57.06,50,108,2,22
2020-02-28,2020-02-28 15:21:02,2020-02-28 09:26:02,2020-02-28 17:04:02,54,161,2.0,light,-0.03,27480,24690,7950,3480,13260,2790,90,57.06,50,108,2,22
2020-02-28,2020-02-28 15:26:02,2020-02-28 09:26:02,2020-02-28 17:04:02,56,156,2.0,light,-0.03,27480,24690,7950,3480,13260,2790,90,57.06,50,108,2,22
2020-02-28,2020-02-28 15:31:02,2020-02-28 09:26:02,2020-02-28 17:04:02,57,163,3.0,REM,-0.03,27480,24690,7950,3480,13260,2790,90,57.06,50,108,2,22
2020-02-28,2020-02-28 15:36:02,2020-02-28 09:26:02,2020-02-28 17:04:02,59,161,3.0,REM,-0.03,27480,24690,7950,3480,13260,2790,90,57.06,50,108,2,22
2020-02-28,2020-02-28 15:41:02,2020-02-28 09:26:02,2020-02-28 17:04:02,60,142,2.0,light,-0.03,27480,24690,7950,3480,13260,2790,90,57.06,50,108,2,22
2020-02-28,2020-02-28 15:46:02,2020-02-28 09:26:02,2020-02-28 17:04:02,58,153,4.0,awake,-0.03,27480,24690,7950,3480,13260,2790,90,57.06,50,108,2,22
2020-02-28,2020-02-28 15:51:02,2020-02-28 09:26:02,2020-02-28 17:04:02,58,139,2.0,light,-0.03,27480,24690,7950,3480,13260,2790,90,57.06,50,108,2,22
2020-02-28,2020-02-28 15:56:02,2020-02-28 09:26:02,2020-02-28 17:04:02,55,146,2.0,light,-0.03,27480,24690,7950,3480,13260,2790,90,57.06,50,108,2,22
2020-02-28,2020-02-28 16:01:02,2020-02-28 09:26:02,2020-02-28 17:04:02,54,139,2.0,light,-0.03,27480,24690,7950,3480,13260,2790,90,57.06,50,108,2,22
2020-02-28,2020-02-28 16:06:02,2020-02-28 09:26:02,2020-02-28 17:04:02,51,115,2.0,light,-0.03,27480,24690,7950,3480,13260,2790,90,57.06,50,108,2,22
2020-02-28,2020-02-28 16:11:02,2020-02-28 09:26:02,2020-02-28 17:04:02,50,93,2.0,light,-0.03,27480,24690,7950,3480,13260,2790,90,57.06,50,108,2,22
2020-02-28,2020-02-28 16:16:02,2020-02-28 09:26:02,2020-02-28 17:04:02,51,114,1.0,deep,-0.03,27480,24690,7950,3480,13260,2790,90,57.06,50,108,2,22
2020-02-28,2020-02-28 16:21:02,2020-02-28 09:26:02,2020-02-28 17:04:02,51,105,2.0,light,-0.03,27480,24690,7950,3480,13260,2790,90,57.06,50,108,2,22
2020-02-28,2020-02-28 16:26:02,2020-02-28 09:26:02,2020-02-28 17:04:02,52,124,1.0,deep,-0.03,27480,24690,7950,3480,13260,2790,90,57.06,50,108,2,22
2020-02-28,2020-02-28 16:31:02,2020-02-28 09:26:02,2020-02-28 17:04:02,56,163,2.0,light,-0.03,27480,24690,7950,3480,13260,2790,90,57.06,50,108,2,22
2020-02-28,2020-02-28 16:36:02,2020-02-28 09:26:02,2020-02-28 17:04:02,59,132,3.0,REM,-0.03,27480,24690,7950,3480,13260,2790,90,57.06,50,108,2,22
2020-02-28,2020-02-28 16:41:02,2020-02-28 09:26:02,2020-02-28 17:04:02,59,146,3.0,REM,-0.03,27480,24690,7950,3480,13260,2790,90,57.06,50,108,2,22
2020-02-28,2020-02-28 16:46:02,2020-02-28 09:26:02,2020-02-28 17:04:02,57,145,3.0,REM,-0.03,27480,24690,7950,3480,13260,2790,90,57.06,50,108,2,22
2020-02-28,2020-02-28 16:51:02,2020-02-28 09:26:02,2020-02-28 17:04:02,0,0,4.0,awake,-0.03,27480,24690,7950,3480,13260,2790,90,57.06,50,108,2,22
2020-02-28,2020-02-28 16:56:02,2020-02-28 09:26:02,2020-02-28 17:04:02,0,0,4.0,awake,-0.03,27480,24690,7950,3480,13260,2790,90,57.06,50,108,2,22
2020-02-28,2020-02-28 17:01:02,2020-02-28 09:26:02,2020-02-28 17:04:02,0,0,4.0,awake,-0.03,27480,24690,7950,3480,13260,2790,90,57.06,50,108,2,22
2020-02-29,2020-02-29 09:39:03,2020-02-29 09:39:03,2020-02-29 17:54:03,58,118,2.0,light,0.04,29700,27180,8790,240,18150,2520,92,57.19,51,131,3,25
2020-02-29,2020-02-29 09:44:03,2020-02-29 09:39:03,2020-02-29 17:54:03,58,102,2.0,light,0.04,29700,27180,8790,240,18150,2520,92,57.19,51,131,3,25
2020-02-29,2020-02-29 09:49:03,2020-02-29 09:39:03,2020-02-29 17:54:03,56,98,2.0,light,0.04,29700,27180,8790,240,18150,2520,92,57.19,51,131,3,25
2020-02-29,2020-02-29 09:54:03,2020-02-29 09:39:03,2020-02-29 17:54:03,55,96,2.0,light,0.04,29700,27180,8790,240,18150,2520,92,57.19,51,131,3,25
2020-02-29,2020-02-29 09:59:03,2020-02-29 09:39:03,2020-02-29 17:54:03,55,86,2.0,light,0.04,29700,27180,8790,240,18150,2520,92,57.19,51,131,3,25
2020-02-29,2020-02-29 10:04:03,2020-02-29 09:39:03,2020-02-29 17:54:03,55,95,1.0,deep,0.04,29700,27180,8790,240,18150,2520,92,57.19,51,131,3,25
2020-02-29,2020-02-29 10:09:03,2020-02-29 09:39:03,2020-02-29 17:54:03,56,107,1.0,deep,0.04,29700,27180,8790,240,18150,2520,92,57.19,51,131,3,25
2020-02-29,2020-02-29 10:14:03,2020-02-29 09:39:03,2020-02-29 17:54:03,57,100,1.0,deep,0.04,29700,27180,8790,240,18150,2520,92,57.19,51,131,3,25
2020-02-29,2020-02-29 10:19:03,2020-02-29 09:39:03,2020-02-29 17:54:03,56,94,1.0,deep,0.04,29700,27180,8790,240,18150,2520,92,57.19,51,131,3,25
2020-02-29,2020-02-29 10:24:03,2020-02-29 09:39:03,2020-02-29 17:54:03,56,72,1.0,deep,0.04,29700,27180,8790,240,18150,2520,92,57.19,51,131,3,25
2020-02-29,2020-02-29 10:29:03,2020-02-29 09:39:03,2020-02-29 17:54:03,56,78,1.0,deep,0.04,29700,27180,8790,240,18150,2520,92,57.19,51,131,3,25
2020-02-29,2020-02-29 10:34:03,2020-02-29 09:39:03,2020-02-29 17:54:03,57,90,1.0,deep,0.04,29700,27180,8790,240,18150,2520,92,57.19,51,131,3,25
2020-02-29,2020-02-29 10:39:03,2020-02-29 09:39:03,2020-02-29 17:54:03,56,87,1.0,deep,0.04,29700,27180,8790,240,18150,2520,92,57.19,51,131,3,25
2020-02-29,2020-02-29 10:44:03,2020-02-29 09:39:03,2020-02-29 17:54:03,59,98,1.0,deep,0.04,29700,27180,8790,240,18150,2520,92,57.19,51,131,3,25
2020-02-29,2020-02-29 10:49:03,2020-02-29 09:39:03,2020-02-29 17:54:03,56,123,1.0,deep,0.04,29700,27180,8790,240,18150,2520,92,57.19,51,131,3,25
2020-02-29,2020-02-29 10:54:03,2020-02-29 09:39:03,2020-02-29 17:54:03,61,119,1.0,deep,0.04,29700,27180,8790,240,18150,2520,92,57.19,51,131,3,25
2020-02-29,2020-02-29 10:59:03,2020-02-29 09:39:03,2020-02-29 17:54:03,58,129,1.0,deep,0.04,29700,27180,8790,240,18150,2520,92,57.19,51,131,3,25
2020-02-29,2020-02-29 11:04:03,2020-02-29 09:39:03,2020-02-29 17:54:03,59,132,2.0,light,0.04,29700,27180,8790,240,18150,2520,92,57.19,51,131,3,25
2020-02-29,2020-02-29 11:09:03,2020-02-29 09:39:03,2020-02-29 17:54:03,58,116,2.0,light,0.04,29700,27180,8790,240,18150,2520,92,57.19,51,131,3,25
2020-02-29,2020-02-29 11:14:03,2020-02-29 09:39:03,2020-02-29 17:54:03,58,110,1.0,deep,0.04,29700,27180,8790,240,18150,2520,92,57.19,51,131,3,25
2020-02-29,2020-02-29 11:19:03,2020-02-29 09:39:03,2020-02-29 17:54:03,58,114,1.0,deep,0.04,29700,27180,8790,240,18150,2520,92,57.19,51,131,3,25
2020-02-29,2020-02-29 11:24:03,2020-02-29 09:39:03,2020-02-29 17:54:03,57,102,1.0,deep,0.04,29700,27180,8790,240,18150,2520,92,57.19,51,131,3,25
2020-02-29,2020-02-29 11:29:03,2020-02-29 09:39:03,2020-02-29 17:54:03,60,113,1.0,deep,0.04,29700,27180,8790,240,18150,2520,92,57.19,51,131,3,25
2020-02-29,2020-02-29 11:34:03,2020-02-29 09:39:03,2020-02-29 17:54:03,58,113,2.0,light,0.04,29700,27180,8790,240,18150,2520,92,57.19,51,131,3,25
2020-02-29,2020-02-29 11:39:03,2020-02-29 09:39:03,2020-02-29 17:54:03,58,103,2.0,light,0.04,29700,27180,8790,240,18150,2520,92,57.19,51,131,3,25
2020-02-29,2020-02-29 11:44:03,2020-02-29 09:39:03,2020-02-29 17:54:03,57,114,1.0,deep,0.04,29700,27180,8790,240,18150,2520,92,57.19,51,131,3,25
2020-02-29,2020-02-29 11:49:03,2020-02-29 09:39:03,2020-02-29 17:54:03,55,116,1.0,deep,0.04,29700,27180,8790,240,18150,2520,92,57.19,51,131,3,25
2020-02-29,2020-02-29 11:54:03,2020-02-29 09:39:03,2020-02-29 17:54:03,54,123,1.0,deep,0.04,29700,27180,8790,240,18150,2520,92,57.19,51,131,3,25
2020-02-29,2020-02-29 11:59:03,2020-02-29 09:39:03,2020-02-29 17:54:03,54,130,1.0,deep,0.04,29700,27180,8790,240,18150,2520,92,57.19,51,131,3,25
2020-02-29,2020-02-29 12:04:03,2020-02-29 09:39:03,2020-02-29 17:54:03,54,135,1.0,deep,0.04,29700,27180,8790,240,18150,2520,92,57.19,51,131,3,25
2020-02-29,2020-02-29 12:09:03,2020-02-29 09:39:03,2020-02-29 17:54:03,58,163,1.0,deep,0.04,29700,27180,8790,240,18150,2520,92,57.19,51,131,3,25
2020-02-29,2020-02-29 12:14:03,2020-02-29 09:39:03,2020-02-29 17:54:03,63,122,1.0,deep,0.04,29700,27180,8790,240,18150,2520,92,57.19,51,131,3,25
2020-02-29,2020-02-29 12:19:03,2020-02-29 09:39:03,2020-02-29 17:54:03,61,110,2.0,light,0.04,29700,27180,8790,240,18150,2520,92,57.19,51,131,3,25
2020-02-29,2020-02-29 12:24:03,2020-02-29 09:39:03,2020-02-29 17:54:03,60,117,2.0,light,0.04,29700,27180,8790,240,18150,2520,92,57.19,51,131,3,25
2020-02-29,2020-02-29 12:29:03,2020-02-29 09:39:03,2020-02-29 17:54:03,56,134,2.0,light,0.04,29700,27180,8790,240,18150,2520,92,57.19,51,131,3,25
2020-02-29,2020-02-29 12:34:03,2020-02-29 09:39:03,2020-02-29 17:54:03,55,139,2.0,light,0.04,29700,27180,8790,240,18150,2520,92,57.19,51,131,3,25
2020-02-29,2020-02-29 12:39:03,2020-02-29 09:39:03,2020-02-29 17:54:03,55,122,2.0,light,0.04,29700,27180,8790,240,18150,2520,92,57.19,51,131,3,25
2020-02-29,2020-02-29 12:44:03,2020-02-29 09:39:03,2020-02-29 17:54:03,59,114,2.0,light,0.04,29700,27180,8790,240,18150,2520,92,57.19,51,131,3,25
2020-02-29,2020-02-29 12:49:03,2020-02-29 09:39:03,2020-02-29 17:54:03,61,100,2.0,light,0.04,29700,27180,8790,240,18150,2520,92,57.19,51,131,3,25
2020-02-29,2020-02-29 12:54:03,2020-02-29 09:39:03,2020-02-29 17:54:03,59,90,2.0,light,0.04,29700,27180,8790,240,18150,2520,92,57.19,51,131,3,25
2020-02-29,2020-02-29 12:59:03,2020-02-29 09:39:03,2020-02-29 17:54:03,58,119,1.0,deep,0.04,29700,27180,8790,240,18150,2520,92,57.19,51,131,3,25
2020-02-29,2020-02-29 13:04:03,2020-02-29 09:39:03,2020-02-29 17:54:03,58,124,2.0,light,0.04,29700,27180,8790,240,18150,2520,92,57.19,51,131,3,25
2020-02-29,2020-02-29 13:09:03,2020-02-29 09:39:03,2020-02-29 17:54:03,57,130,1.0,deep,0.04,29700,27180,8790,240,18150,2520,92,57.19,51,131,3,25
2020-02-29,2020-02-29 13:14:03,2020-02-29 09:39:03,2020-02-29 17:54:03,56,119,1.0,deep,0.04,29700,27180,8790,240,18150,2520,92,57.19,51,131,3,25
2020-02-29,2020-02-29 13:19:03,2020-02-29 09:39:03,2020-02-29 17:54:03,57,112,1.0,deep,0.04,29700,27180,8790,240,18150,2520,92,57.19,51,131,3,25
2020-02-29,2020-02-29 13:24:03,2020-02-29 09:39:03,2020-02-29 17:54:03,59,107,2.0,light,0.04,29700,27180,8790,240,18150,2520,92,57.19,51,131,3,25
2020-02-29,2020-02-29 13:29:03,2020-02-29 09:39:03,2020-02-29 17:54:03,58,117,1.0,deep,0.04,29700,27180,8790,240,18150,2520,92,57.19,51,131,3,25
2020-02-29,2020-02-29 13:34:03,2020-02-29 09:39:03,2020-02-29 17:54:03,57,153,2.0,light,0.04,29700,27180,8790,240,18150,2520,92,57.19,51,131,3,25
2020-02-29,2020-02-29 13:39:03,2020-02-29 09:39:03,2020-02-29 17:54:03,60,137,2.0,light,0.04,29700,27180,8790,240,18150,2520,92,57.19,51,131,3,25
2020-02-29,2020-02-29 13:44:03,2020-02-29 09:39:03,2020-02-29 17:54:03,57,145,2.0,light,0.04,29700,27180,8790,240,18150,2520,92,57.19,51,131,3,25
2020-02-29,2020-02-29 13:49:03,2020-02-29 09:39:03,2020-02-29 17:54:03,58,153,2.0,light,0.04,29700,27180,8790,240,18150,2520,92,57.19,51,131,3,25
2020-02-29,2020-02-29 13:54:03,2020-02-29 09:39:03,2020-02-29 17:54:03,56,144,2.0,light,0.04,29700,27180,8790,240,18150,2520,92,57.19,51,131,3,25
2020-02-29,2020-02-29 13:59:03,2020-02-29 09:39:03,2020-02-29 17:54:03,56,142,2.0,light,0.04,29700,27180,8790,240,18150,2520,92,57.19,51,131,3,25
2020-02-29,2020-02-29 14:04:03,2020-02-29 09:39:03,2020-02-29 17:54:03,55,114,2.0,light,0.04,29700,27180,8790,240,18150,2520,92,57.19,51,131,3,25
2020-02-29,2020-02-29 14:09:03,2020-02-29 09:39:03,2020-02-29 17:54:03,56,109,2.0,light,0.04,29700,27180,8790,240,18150,2520,92,57.19,51,131,3,25
2020-02-29,2020-02-29 14:14:03,2020-02-29 09:39:03,2020-02-29 17:54:03,53,145,1.0,deep,0.04,29700,27180,8790,240,18150,2520,92,57.19,51,131,3,25
2020-02-29,2020-02-29 14:19:03,2020-02-29 09:39:03,2020-02-29 17:54:03,55,155,2.0,light,0.04,29700,27180,8790,240,18150,2520,92,57.19,51,131,3,25
2020-02-29,2020-02-29 14:24:03,2020-02-29 09:39:03,2020-02-29 17:54:03,56,156,2.0,light,0.04,29700,27180,8790,240,18150,2520,92,57.19,51,131,3,25
2020-02-29,2020-02-29 14:29:03,2020-02-29 09:39:03,2020-02-29 17:54:03,57,167,2.0,light,0.04,29700,27180,8790,240,18150,2520,92,57.19,51,131,3,25
2020-02-29,2020-02-29 14:34:03,2020-02-29 09:39:03,2020-02-29 17:54:03,59,148,2.0,light,0.04,29700,27180,8790,240,18150,2520,92,57.19,51,131,3,25
2020-02-29,2020-02-29 14:39:03,2020-02-29 09:39:03,2020-02-29 17:54:03,57,134,4.0,awake,0.04,29700,27180,8790,240,18150,2520,92,57.19,51,131,3,25
2020-02-29,2020-02-29 14:44:03,2020-02-29 09:39:03,2020-02-29 17:54:03,57,154,2.0,light,0.04,29700,27180,8790,240,18150,2520,92,57.19,51,131,3,25
2020-02-29,2020-02-29 14:49:03,2020-02-29 09:39:03,2020-02-29 17:54:03,55,176,2.0,light,0.04,29700,27180,8790,240,18150,2520,92,57.19,51,131,3,25
2020-02-29,2020-02-29 14:54:03,2020-02-29 09:39:03,2020-02-29 17:54:03,56,162,2.0,light,0.04,29700,27180,8790,240,18150,2520,92,57.19,51,131,3,25
2020-02-29,2020-02-29 14:59:03,2020-02-29 09:39:03,2020-02-29 17:54:03,58,145,2.0,light,0.04,29700,27180,8790,240,18150,2520,92,57.19,51,131,3,25
2020-02-29,2020-02-29 15:04:03,2020-02-29 09:39:03,2020-02-29 17:54:03,59,154,2.0,light,0.04,29700,27180,8790,240,18150,2520,92,57.19,51,131,3,25
2020-02-29,2020-02-29 15:09:03,2020-02-29 09:39:03,2020-02-29 17:54:03,55,173,2.0,light,0.04,29700,27180,8790,240,18150,2520,92,57.19,51,131,3,25
2020-02-29,2020-02-29 15:14:03,2020-02-29 09:39:03,2020-02-29 17:54:03,51,184,2.0,light,0.04,29700,27180,8790,240,18150,2520,92,57.19,51,131,3,25
2020-02-29,2020-02-29 15:19:03,2020-02-29 09:39:03,2020-02-29 17:54:03,57,189,2.0,light,0.04,29700,27180,8790,240,18150,2520,92,57.19,51,131,3,25
2020-02-29,2020-02-29 15:24:03,2020-02-29 09:39:03,2020-02-29 17:54:03,66,135,1.0,deep,0.04,29700,27180,8790,240,18150,2520,92,57.19,51,131,3,25
2020-02-29,2020-02-29 15:29:03,2020-02-29 09:39:03,2020-02-29 17:54:03,58,178,2.0,light,0.04,29700,27180,8790,240,18150,2520,92,57.19,51,131,3,25
2020-02-29,2020-02-29 15:34:03,2020-02-29 09:39:03,2020-02-29 17:54:03,59,146,4.0,awake,0.04,29700,27180,8790,240,18150,2520,92,57.19,51,131,3,25
2020-02-29,2020-02-29 15:39:03,2020-02-29 09:39:03,2020-02-29 17:54:03,57,157,2.0,light,0.04,29700,27180,8790,240,18150,2520,92,57.19,51,131,3,25
2020-02-29,2020-02-29 15:44:03,2020-02-29 09:39:03,2020-02-29 17:54:03,56,147,2.0,light,0.04,29700,27180,8790,240,18150,2520,92,57.19,51,131,3,25
2020-02-29,2020-02-29 15:49:03,2020-02-29 09:39:03,2020-02-29 17:54:03,55,139,2.0,light,0.04,29700,27180,8790,240,18150,2520,92,57.19,51,131,3,25
2020-02-29,2020-02-29 15:54:03,2020-02-29 09:39:03,2020-02-29 17:54:03,55,146,2.0,light,0.04,29700,27180,8790,240,18150,2520,92,57.19,51,131,3,25
2020-02-29,2020-02-29 15:59:03,2020-02-29 09:39:03,2020-02-29 17:54:03,55,120,1.0,deep,0.04,29700,27180,8790,240,18150,2520,92,57.19,51,131,3,25
2020-02-29,2020-02-29 16:04:03,2020-02-29 09:39:03,2020-02-29 17:54:03,56,134,2.0,light,0.04,29700,27180,8790,240,18150,2520,92,57.19,51,131,3,25
2020-02-29,2020-02-29 16:09:03,2020-02-29 09:39:03,2020-02-29 17:54:03,57,139,2.0,light,0.04,29700,27180,8790,240,18150,2520,92,57.19,51,131,3,25
2020-02-29,2020-02-29 16:14:03,2020-02-29 09:39:03,2020-02-29 17:54:03,56,157,2.0,light,0.04,29700,27180,8790,240,18150,2520,92,57.19,51,131,3,25
2020-02-29,2020-02-29 16:19:03,2020-02-29 09:39:03,2020-02-29 17:54:03,59,138,1.0,deep,0.04,29700,27180,8790,240,18150,2520,92,57.19,51,131,3,25
2020-02-29,2020-02-29 16:24:03,2020-02-29 09:39:03,2020-02-29 17:54:03,55,161,2.0,light,0.04,29700,27180,8790,240,18150,2520,92,57.19,51,131,3,25
2020-02-29,2020-02-29 16:29:03,2020-02-29 09:39:03,2020-02-29 17:54:03,56,148,2.0,light,0.04,29700,27180,8790,240,18150,2520,92,57.19,51,131,3,25
2020-02-29,2020-02-29 16:34:03,2020-02-29 09:39:03,2020-02-29 17:54:03,54,152,2.0,light,0.04,29700,27180,8790,240,18150,2520,92,57.19,51,131,3,25
2020-02-29,2020-02-29 16:39:03,2020-02-29 09:39:03,2020-02-29 17:54:03,56,182,2.0,light,0.04,29700,27180,8790,240,18150,2520,92,57.19,51,131,3,25
2020-02-29,2020-02-29 16:44:03,2020-02-29 09:39:03,2020-02-29 17:54:03,58,159,2.0,light,0.04,29700,27180,8790,240,18150,2520,92,57.19,51,131,3,25
2020-02-29,2020-02-29 16:49:03,2020-02-29 09:39:03,2020-02-29 17:54:03,59,146,2.0,light,0.04,29700,27180,8790,240,18150,2520,92,57.19,51,131,3,25
2020-02-29,2020-02-29 16:54:03,2020-02-29 09:39:03,2020-02-29 17:54:03,57,156,2.0,light,0.04,29700,27180,8790,240,18150,2520,92,57.19,51,131,3,25
2020-02-29,2020-02-29 16:59:03,2020-02-29 09:39:03,2020-02-29 17:54:03,57,155,2.0,light,0.04,29700,27180,8790,240,18150,2520,92,57.19,51,131,3,25
2020-02-29,2020-02-29 17:04:03,2020-02-29 09:39:03,2020-02-29 17:54:03,56,142,2.0,light,0.04,29700,27180,8790,240,18150,2520,92,57.19,51,131,3,25
2020-02-29,2020-02-29 17:09:03,2020-02-29 09:39:03,2020-02-29 17:54:03,60,136,2.0,light,0.04,29700,27180,8790,240,18150,2520,92,57.19,51,131,3,25
2020-02-29,2020-02-29 17:14:03,2020-02-29 09:39:03,2020-02-29 17:54:03,58,145,2.0,light,0.04,29700,27180,8790,240,18150,2520,92,57.19,51,131,3,25
2020-02-29,2020-02-29 17:19:03,2020-02-29 09:39:03,2020-02-29 17:54:03,59,139,2.0,light,0.04,29700,27180,8790,240,18150,2520,92,57.19,51,131,3,25
2020-02-29,2020-02-29 17:24:03,2020-02-29 09:39:03,2020-02-29 17:54:03,57,154,2.0,light,0.04,29700,27180,8790,240,18150,2520,92,57.19,51,131,3,25
2020-02-29,2020-02-29 17:29:03,2020-02-29 09:39:03,2020-02-29 17:54:03,61,156,2.0,light,0.04,29700,27180,8790,240,18150,2520,92,57.19,51,131,3,25
2020-02-29,2020-02-29 17:34:03,2020-02-29 09:39:03,2020-02-29 17:54:03,57,160,2.0,light,0.04,29700,27180,8790,240,18150,2520,92,57.19,51,131,3,25
2020-02-29,2020-02-29 17:39:03,2020-02-29 09:39:03,2020-02-29 17:54:03,56,186,2.0,light,0.04,29700,27180,8790,240,18150,2520,92,57.19,51,131,3,25
2020-02-29,2020-02-29 17:44:03,2020-02-29 09:39:03,2020-02-29 17:54:03,65,171,2.0,light,0.04,29700,27180,8790,240,18150,2520,92,57.19,51,131,3,25
2020-02-29,2020-02-29 17:49:03,2020-02-29 09:39:03,2020-02-29 17:54:03,0,0,4.0,awake,0.04,29700,27180,8790,240,18150,2520,92,57.19,51,131,3,25
2020-02-29,2020-02-29 17:54:03,2020-02-29 09:39:03,2020-02-29 17:54:03,0,0,,,0.04,29700,27180,8790,240,18150,2520,92,57.19,51,131,3,25
